index,label,ROI_path,image_path,cropped_path
_00000,MALIGNANT,clean/ROI/ROI_00000,clean/image/image_00000,clean/cropped/cropped_00000
_00001,MALIGNANT,clean/ROI/ROI_00001,clean/image/image_00001,clean/cropped/cropped_00001
_00002,BENIGN,clean/ROI/ROI_00002,clean/image/image_00002,clean/cropped/cropped_00002
_00003,BENIGN,clean/ROI/ROI_00003,clean/image/image_00003,clean/cropped/cropped_00003
_00004,MALIGNANT,clean/ROI/ROI_00004,clean/image/image_00004,clean/cropped/cropped_00004
_00005,MALIGNANT,clean/ROI/ROI_00005,clean/image/image_00005,clean/cropped/cropped_00005
_00006,MALIGNANT,clean/ROI/ROI_00006,clean/image/image_00006,clean/cropped/cropped_00006
_00007,BENIGN,clean/ROI/ROI_00007,clean/image/image_00007,clean/cropped/cropped_00007
_00008,MALIGNANT,clean/ROI/ROI_00008,clean/image/image_00008,clean/cropped/cropped_00008
_00009,MALIGNANT,clean/ROI/ROI_00009,clean/image/image_00009,clean/cropped/cropped_00009
_00010,MALIGNANT,clean/ROI/ROI_00010,clean/image/image_00010,clean/cropped/cropped_00010
_00011,MALIGNANT,clean/ROI/ROI_00011,clean/image/image_00011,clean/cropped/cropped_00011
_00012,MALIGNANT,clean/ROI/ROI_00012,clean/image/image_00012,clean/cropped/cropped_00012
_00013,BENIGN,clean/ROI/ROI_00013,clean/image/image_00013,clean/cropped/cropped_00013
_00014,BENIGN,clean/ROI/ROI_00014,clean/image/image_00014,clean/cropped/cropped_00014
_00015,BENIGN,clean/ROI/ROI_00015,clean/image/image_00015,clean/cropped/cropped_00015
_00016,BENIGN,clean/ROI/ROI_00016,clean/image/image_00016,clean/cropped/cropped_00016
_00017,BENIGN,clean/ROI/ROI_00017,clean/image/image_00017,clean/cropped/cropped_00017
_00018,BENIGN,clean/ROI/ROI_00018,clean/image/image_00018,clean/cropped/cropped_00018
_00019,BENIGN,clean/ROI/ROI_00019,clean/image/image_00019,clean/cropped/cropped_00019
_00020,BENIGN,clean/ROI/ROI_00020,clean/image/image_00020,clean/cropped/cropped_00020
_00021,BENIGN,clean/ROI/ROI_00021,clean/image/image_00021,clean/cropped/cropped_00021
_00022,BENIGN,clean/ROI/ROI_00022,clean/image/image_00022,clean/cropped/cropped_00022
_00023,BENIGN,clean/ROI/ROI_00023,clean/image/image_00023,clean/cropped/cropped_00023
_00024,BENIGN,clean/ROI/ROI_00024,clean/image/image_00024,clean/cropped/cropped_00024
_00025,MALIGNANT,clean/ROI/ROI_00025,clean/image/image_00025,clean/cropped/cropped_00025
_00026,MALIGNANT,clean/ROI/ROI_00026,clean/image/image_00026,clean/cropped/cropped_00026
_00027,MALIGNANT,clean/ROI/ROI_00027,clean/image/image_00027,clean/cropped/cropped_00027
_00028,BENIGN_WITHOUT_CALLBACK,clean/ROI/ROI_00028,clean/image/image_00028,clean/cropped/cropped_00028
_00029,BENIGN_WITHOUT_CALLBACK,clean/ROI/ROI_00029,clean/image/image_00029,clean/cropped/cropped_00029
_00030,BENIGN_WITHOUT_CALLBACK,clean/ROI/ROI_00030,clean/image/image_00030,clean/cropped/cropped_00030
_00031,MALIGNANT,clean/ROI/ROI_00031,clean/image/image_00031,clean/cropped/cropped_00031
_00032,BENIGN,clean/ROI/ROI_00032,clean/image/image_00032,clean/cropped/cropped_00032
_00033,MALIGNANT,clean/ROI/ROI_00033,clean/image/image_00033,clean/cropped/cropped_00033
_00034,BENIGN,clean/ROI/ROI_00034,clean/image/image_00034,clean/cropped/cropped_00034
_00035,BENIGN,clean/ROI/ROI_00035,clean/image/image_00035,clean/cropped/cropped_00035
_00036,BENIGN,clean/ROI/ROI_00036,clean/image/image_00036,clean/cropped/cropped_00036
_00037,MALIGNANT,clean/ROI/ROI_00037,clean/image/image_00037,clean/cropped/cropped_00037
_00038,MALIGNANT,clean/ROI/ROI_00038,clean/image/image_00038,clean/cropped/cropped_00038
_00039,BENIGN,clean/ROI/ROI_00039,clean/image/image_00039,clean/cropped/cropped_00039
_00040,BENIGN_WITHOUT_CALLBACK,clean/ROI/ROI_00040,clean/image/image_00040,clean/cropped/cropped_00040
_00041,BENIGN_WITHOUT_CALLBACK,clean/ROI/ROI_00041,clean/image/image_00041,clean/cropped/cropped_00041
_00042,BENIGN_WITHOUT_CALLBACK,clean/ROI/ROI_00042,clean/image/image_00042,clean/cropped/cropped_00042
_00043,BENIGN_WITHOUT_CALLBACK,clean/ROI/ROI_00043,clean/image/image_00043,clean/cropped/cropped_00043
_00044,MALIGNANT,clean/ROI/ROI_00044,clean/image/image_00044,clean/cropped/cropped_00044
_00045,MALIGNANT,clean/ROI/ROI_00045,clean/image/image_00045,clean/cropped/cropped_00045
_00046,BENIGN,clean/ROI/ROI_00046,clean/image/image_00046,clean/cropped/cropped_00046
_00047,BENIGN,clean/ROI/ROI_00047,clean/image/image_00047,clean/cropped/cropped_00047
_00048,BENIGN,clean/ROI/ROI_00048,clean/image/image_00048,clean/cropped/cropped_00048
_00049,MALIGNANT,clean/ROI/ROI_00049,clean/image/image_00049,clean/cropped/cropped_00049
_00050,BENIGN,clean/ROI/ROI_00050,clean/image/image_00050,clean/cropped/cropped_00050
_00051,BENIGN,clean/ROI/ROI_00051,clean/image/image_00051,clean/cropped/cropped_00051
_00052,BENIGN,clean/ROI/ROI_00052,clean/image/image_00052,clean/cropped/cropped_00052
_00053,BENIGN,clean/ROI/ROI_00053,clean/image/image_00053,clean/cropped/cropped_00053
_00054,BENIGN,clean/ROI/ROI_00054,clean/image/image_00054,clean/cropped/cropped_00054
_00055,BENIGN,clean/ROI/ROI_00055,clean/image/image_00055,clean/cropped/cropped_00055
_00056,BENIGN,clean/ROI/ROI_00056,clean/image/image_00056,clean/cropped/cropped_00056
_00057,BENIGN,clean/ROI/ROI_00057,clean/image/image_00057,clean/cropped/cropped_00057
_00058,BENIGN_WITHOUT_CALLBACK,clean/ROI/ROI_00058,clean/image/image_00058,clean/cropped/cropped_00058
_00059,BENIGN_WITHOUT_CALLBACK,clean/ROI/ROI_00059,clean/image/image_00059,clean/cropped/cropped_00059
_00060,BENIGN_WITHOUT_CALLBACK,clean/ROI/ROI_00060,clean/image/image_00060,clean/cropped/cropped_00060
_00061,BENIGN,clean/ROI/ROI_00061,clean/image/image_00061,clean/cropped/cropped_00061
_00062,BENIGN,clean/ROI/ROI_00062,clean/image/image_00062,clean/cropped/cropped_00062
_00063,BENIGN,clean/ROI/ROI_00063,clean/image/image_00063,clean/cropped/cropped_00063
_00064,BENIGN,clean/ROI/ROI_00064,clean/image/image_00064,clean/cropped/cropped_00064
_00065,BENIGN,clean/ROI/ROI_00065,clean/image/image_00065,clean/cropped/cropped_00065
_00066,MALIGNANT,clean/ROI/ROI_00066,clean/image/image_00066,clean/cropped/cropped_00066
_00067,MALIGNANT,clean/ROI/ROI_00067,clean/image/image_00067,clean/cropped/cropped_00067
_00068,BENIGN,clean/ROI/ROI_00068,clean/image/image_00068,clean/cropped/cropped_00068
_00069,BENIGN,clean/ROI/ROI_00069,clean/image/image_00069,clean/cropped/cropped_00069
_00070,BENIGN,clean/ROI/ROI_00070,clean/image/image_00070,clean/cropped/cropped_00070
_00071,BENIGN,clean/ROI/ROI_00071,clean/image/image_00071,clean/cropped/cropped_00071
_00072,BENIGN,clean/ROI/ROI_00072,clean/image/image_00072,clean/cropped/cropped_00072
_00073,BENIGN,clean/ROI/ROI_00073,clean/image/image_00073,clean/cropped/cropped_00073
_00074,BENIGN,clean/ROI/ROI_00074,clean/image/image_00074,clean/cropped/cropped_00074
_00075,MALIGNANT,clean/ROI/ROI_00075,clean/image/image_00075,clean/cropped/cropped_00075
_00076,MALIGNANT,clean/ROI/ROI_00076,clean/image/image_00076,clean/cropped/cropped_00076
_00077,MALIGNANT,clean/ROI/ROI_00077,clean/image/image_00077,clean/cropped/cropped_00077
_00078,MALIGNANT,clean/ROI/ROI_00078,clean/image/image_00078,clean/cropped/cropped_00078
_00079,MALIGNANT,clean/ROI/ROI_00079,clean/image/image_00079,clean/cropped/cropped_00079
_00080,MALIGNANT,clean/ROI/ROI_00080,clean/image/image_00080,clean/cropped/cropped_00080
_00081,MALIGNANT,clean/ROI/ROI_00081,clean/image/image_00081,clean/cropped/cropped_00081
_00082,MALIGNANT,clean/ROI/ROI_00082,clean/image/image_00082,clean/cropped/cropped_00082
_00083,MALIGNANT,clean/ROI/ROI_00083,clean/image/image_00083,clean/cropped/cropped_00083
_00084,BENIGN,clean/ROI/ROI_00084,clean/image/image_00084,clean/cropped/cropped_00084
_00085,BENIGN,clean/ROI/ROI_00085,clean/image/image_00085,clean/cropped/cropped_00085
_00086,BENIGN,clean/ROI/ROI_00086,clean/image/image_00086,clean/cropped/cropped_00086
_00087,BENIGN,clean/ROI/ROI_00087,clean/image/image_00087,clean/cropped/cropped_00087
_00088,BENIGN_WITHOUT_CALLBACK,clean/ROI/ROI_00088,clean/image/image_00088,clean/cropped/cropped_00088
_00089,BENIGN,clean/ROI/ROI_00089,clean/image/image_00089,clean/cropped/cropped_00089
_00090,BENIGN,clean/ROI/ROI_00090,clean/image/image_00090,clean/cropped/cropped_00090
_00091,BENIGN,clean/ROI/ROI_00091,clean/image/image_00091,clean/cropped/cropped_00091
_00092,MALIGNANT,clean/ROI/ROI_00092,clean/image/image_00092,clean/cropped/cropped_00092
_00093,BENIGN,clean/ROI/ROI_00093,clean/image/image_00093,clean/cropped/cropped_00093
_00094,BENIGN,clean/ROI/ROI_00094,clean/image/image_00094,clean/cropped/cropped_00094
_00095,MALIGNANT,clean/ROI/ROI_00095,clean/image/image_00095,clean/cropped/cropped_00095
_00096,MALIGNANT,clean/ROI/ROI_00096,clean/image/image_00096,clean/cropped/cropped_00096
_00097,BENIGN,clean/ROI/ROI_00097,clean/image/image_00097,clean/cropped/cropped_00097
_00098,BENIGN,clean/ROI/ROI_00098,clean/image/image_00098,clean/cropped/cropped_00098
_00099,BENIGN,clean/ROI/ROI_00099,clean/image/image_00099,clean/cropped/cropped_00099
_00100,BENIGN,clean/ROI/ROI_00100,clean/image/image_00100,clean/cropped/cropped_00100
_00101,BENIGN,clean/ROI/ROI_00101,clean/image/image_00101,clean/cropped/cropped_00101
_00102,BENIGN,clean/ROI/ROI_00102,clean/image/image_00102,clean/cropped/cropped_00102
_00103,MALIGNANT,clean/ROI/ROI_00103,clean/image/image_00103,clean/cropped/cropped_00103
_00104,BENIGN,clean/ROI/ROI_00104,clean/image/image_00104,clean/cropped/cropped_00104
_00105,MALIGNANT,clean/ROI/ROI_00105,clean/image/image_00105,clean/cropped/cropped_00105
_00106,MALIGNANT,clean/ROI/ROI_00106,clean/image/image_00106,clean/cropped/cropped_00106
_00107,BENIGN,clean/ROI/ROI_00107,clean/image/image_00107,clean/cropped/cropped_00107
_00108,BENIGN,clean/ROI/ROI_00108,clean/image/image_00108,clean/cropped/cropped_00108
_00109,BENIGN,clean/ROI/ROI_00109,clean/image/image_00109,clean/cropped/cropped_00109
_00110,MALIGNANT,clean/ROI/ROI_00110,clean/image/image_00110,clean/cropped/cropped_00110
_00111,MALIGNANT,clean/ROI/ROI_00111,clean/image/image_00111,clean/cropped/cropped_00111
_00112,BENIGN,clean/ROI/ROI_00112,clean/image/image_00112,clean/cropped/cropped_00112
_00113,BENIGN_WITHOUT_CALLBACK,clean/ROI/ROI_00113,clean/image/image_00113,clean/cropped/cropped_00113
_00114,BENIGN_WITHOUT_CALLBACK,clean/ROI/ROI_00114,clean/image/image_00114,clean/cropped/cropped_00114
_00115,BENIGN,clean/ROI/ROI_00115,clean/image/image_00115,clean/cropped/cropped_00115
_00116,BENIGN,clean/ROI/ROI_00116,clean/image/image_00116,clean/cropped/cropped_00116
_00117,MALIGNANT,clean/ROI/ROI_00117,clean/image/image_00117,clean/cropped/cropped_00117
_00118,MALIGNANT,clean/ROI/ROI_00118,clean/image/image_00118,clean/cropped/cropped_00118
_00119,MALIGNANT,clean/ROI/ROI_00119,clean/image/image_00119,clean/cropped/cropped_00119
_00120,MALIGNANT,clean/ROI/ROI_00120,clean/image/image_00120,clean/cropped/cropped_00120
_00121,BENIGN_WITHOUT_CALLBACK,clean/ROI/ROI_00121,clean/image/image_00121,clean/cropped/cropped_00121
_00122,MALIGNANT,clean/ROI/ROI_00122,clean/image/image_00122,clean/cropped/cropped_00122
_00123,MALIGNANT,clean/ROI/ROI_00123,clean/image/image_00123,clean/cropped/cropped_00123
_00124,BENIGN_WITHOUT_CALLBACK,clean/ROI/ROI_00124,clean/image/image_00124,clean/cropped/cropped_00124
_00125,MALIGNANT,clean/ROI/ROI_00125,clean/image/image_00125,clean/cropped/cropped_00125
_00126,BENIGN,clean/ROI/ROI_00126,clean/image/image_00126,clean/cropped/cropped_00126
_00127,BENIGN,clean/ROI/ROI_00127,clean/image/image_00127,clean/cropped/cropped_00127
_00128,BENIGN,clean/ROI/ROI_00128,clean/image/image_00128,clean/cropped/cropped_00128
_00129,MALIGNANT,clean/ROI/ROI_00129,clean/image/image_00129,clean/cropped/cropped_00129
_00130,MALIGNANT,clean/ROI/ROI_00130,clean/image/image_00130,clean/cropped/cropped_00130
_00131,MALIGNANT,clean/ROI/ROI_00131,clean/image/image_00131,clean/cropped/cropped_00131
_00132,MALIGNANT,clean/ROI/ROI_00132,clean/image/image_00132,clean/cropped/cropped_00132
_00133,MALIGNANT,clean/ROI/ROI_00133,clean/image/image_00133,clean/cropped/cropped_00133
_00134,MALIGNANT,clean/ROI/ROI_00134,clean/image/image_00134,clean/cropped/cropped_00134
_00135,BENIGN,clean/ROI/ROI_00135,clean/image/image_00135,clean/cropped/cropped_00135
_00136,MALIGNANT,clean/ROI/ROI_00136,clean/image/image_00136,clean/cropped/cropped_00136
_00137,MALIGNANT,clean/ROI/ROI_00137,clean/image/image_00137,clean/cropped/cropped_00137
_00138,MALIGNANT,clean/ROI/ROI_00138,clean/image/image_00138,clean/cropped/cropped_00138
_00139,BENIGN,clean/ROI/ROI_00139,clean/image/image_00139,clean/cropped/cropped_00139
_00140,BENIGN,clean/ROI/ROI_00140,clean/image/image_00140,clean/cropped/cropped_00140
_00141,BENIGN,clean/ROI/ROI_00141,clean/image/image_00141,clean/cropped/cropped_00141
_00142,BENIGN,clean/ROI/ROI_00142,clean/image/image_00142,clean/cropped/cropped_00142
_00143,BENIGN,clean/ROI/ROI_00143,clean/image/image_00143,clean/cropped/cropped_00143
_00144,MALIGNANT,clean/ROI/ROI_00144,clean/image/image_00144,clean/cropped/cropped_00144
_00145,MALIGNANT,clean/ROI/ROI_00145,clean/image/image_00145,clean/cropped/cropped_00145
_00146,MALIGNANT,clean/ROI/ROI_00146,clean/image/image_00146,clean/cropped/cropped_00146
_00147,BENIGN,clean/ROI/ROI_00147,clean/image/image_00147,clean/cropped/cropped_00147
_00148,BENIGN,clean/ROI/ROI_00148,clean/image/image_00148,clean/cropped/cropped_00148
_00149,BENIGN,clean/ROI/ROI_00149,clean/image/image_00149,clean/cropped/cropped_00149
_00150,BENIGN,clean/ROI/ROI_00150,clean/image/image_00150,clean/cropped/cropped_00150
_00151,MALIGNANT,clean/ROI/ROI_00151,clean/image/image_00151,clean/cropped/cropped_00151
_00152,MALIGNANT,clean/ROI/ROI_00152,clean/image/image_00152,clean/cropped/cropped_00152
_00153,MALIGNANT,clean/ROI/ROI_00153,clean/image/image_00153,clean/cropped/cropped_00153
_00154,MALIGNANT,clean/ROI/ROI_00154,clean/image/image_00154,clean/cropped/cropped_00154
_00155,BENIGN,clean/ROI/ROI_00155,clean/image/image_00155,clean/cropped/cropped_00155
_00156,BENIGN,clean/ROI/ROI_00156,clean/image/image_00156,clean/cropped/cropped_00156
_00157,BENIGN,clean/ROI/ROI_00157,clean/image/image_00157,clean/cropped/cropped_00157
_00158,BENIGN,clean/ROI/ROI_00158,clean/image/image_00158,clean/cropped/cropped_00158
_00159,BENIGN,clean/ROI/ROI_00159,clean/image/image_00159,clean/cropped/cropped_00159
_00160,BENIGN_WITHOUT_CALLBACK,clean/ROI/ROI_00160,clean/image/image_00160,clean/cropped/cropped_00160
_00161,BENIGN_WITHOUT_CALLBACK,clean/ROI/ROI_00161,clean/image/image_00161,clean/cropped/cropped_00161
_00162,MALIGNANT,clean/ROI/ROI_00162,clean/image/image_00162,clean/cropped/cropped_00162
_00163,MALIGNANT,clean/ROI/ROI_00163,clean/image/image_00163,clean/cropped/cropped_00163
_00164,MALIGNANT,clean/ROI/ROI_00164,clean/image/image_00164,clean/cropped/cropped_00164
_00165,BENIGN_WITHOUT_CALLBACK,clean/ROI/ROI_00165,clean/image/image_00165,clean/cropped/cropped_00165
_00166,BENIGN,clean/ROI/ROI_00166,clean/image/image_00166,clean/cropped/cropped_00166
_00167,BENIGN,clean/ROI/ROI_00167,clean/image/image_00167,clean/cropped/cropped_00167
_00168,BENIGN,clean/ROI/ROI_00168,clean/image/image_00168,clean/cropped/cropped_00168
_00169,BENIGN,clean/ROI/ROI_00169,clean/image/image_00169,clean/cropped/cropped_00169
_00170,BENIGN,clean/ROI/ROI_00170,clean/image/image_00170,clean/cropped/cropped_00170
_00171,BENIGN,clean/ROI/ROI_00171,clean/image/image_00171,clean/cropped/cropped_00171
_00172,BENIGN,clean/ROI/ROI_00172,clean/image/image_00172,clean/cropped/cropped_00172
_00173,BENIGN,clean/ROI/ROI_00173,clean/image/image_00173,clean/cropped/cropped_00173
_00174,BENIGN,clean/ROI/ROI_00174,clean/image/image_00174,clean/cropped/cropped_00174
_00175,BENIGN,clean/ROI/ROI_00175,clean/image/image_00175,clean/cropped/cropped_00175
_00176,MALIGNANT,clean/ROI/ROI_00176,clean/image/image_00176,clean/cropped/cropped_00176
_00177,MALIGNANT,clean/ROI/ROI_00177,clean/image/image_00177,clean/cropped/cropped_00177
_00178,BENIGN,clean/ROI/ROI_00178,clean/image/image_00178,clean/cropped/cropped_00178
_00179,BENIGN,clean/ROI/ROI_00179,clean/image/image_00179,clean/cropped/cropped_00179
_00180,MALIGNANT,clean/ROI/ROI_00180,clean/image/image_00180,clean/cropped/cropped_00180
_00181,BENIGN,clean/ROI/ROI_00181,clean/image/image_00181,clean/cropped/cropped_00181
_00182,BENIGN,clean/ROI/ROI_00182,clean/image/image_00182,clean/cropped/cropped_00182
_00183,MALIGNANT,clean/ROI/ROI_00183,clean/image/image_00183,clean/cropped/cropped_00183
_00184,MALIGNANT,clean/ROI/ROI_00184,clean/image/image_00184,clean/cropped/cropped_00184
_00185,BENIGN,clean/ROI/ROI_00185,clean/image/image_00185,clean/cropped/cropped_00185
_00186,BENIGN,clean/ROI/ROI_00186,clean/image/image_00186,clean/cropped/cropped_00186
_00187,BENIGN,clean/ROI/ROI_00187,clean/image/image_00187,clean/cropped/cropped_00187
_00188,BENIGN,clean/ROI/ROI_00188,clean/image/image_00188,clean/cropped/cropped_00188
_00189,BENIGN,clean/ROI/ROI_00189,clean/image/image_00189,clean/cropped/cropped_00189
_00190,BENIGN,clean/ROI/ROI_00190,clean/image/image_00190,clean/cropped/cropped_00190
_00191,BENIGN,clean/ROI/ROI_00191,clean/image/image_00191,clean/cropped/cropped_00191
_00192,BENIGN,clean/ROI/ROI_00192,clean/image/image_00192,clean/cropped/cropped_00192
_00193,BENIGN,clean/ROI/ROI_00193,clean/image/image_00193,clean/cropped/cropped_00193
_00194,BENIGN,clean/ROI/ROI_00194,clean/image/image_00194,clean/cropped/cropped_00194
_00195,MALIGNANT,clean/ROI/ROI_00195,clean/image/image_00195,clean/cropped/cropped_00195
_00196,MALIGNANT,clean/ROI/ROI_00196,clean/image/image_00196,clean/cropped/cropped_00196
_00197,MALIGNANT,clean/ROI/ROI_00197,clean/image/image_00197,clean/cropped/cropped_00197
_00198,BENIGN,clean/ROI/ROI_00198,clean/image/image_00198,clean/cropped/cropped_00198
_00199,MALIGNANT,clean/ROI/ROI_00199,clean/image/image_00199,clean/cropped/cropped_00199
_00200,MALIGNANT,clean/ROI/ROI_00200,clean/image/image_00200,clean/cropped/cropped_00200
_00201,MALIGNANT,clean/ROI/ROI_00201,clean/image/image_00201,clean/cropped/cropped_00201
_00202,MALIGNANT,clean/ROI/ROI_00202,clean/image/image_00202,clean/cropped/cropped_00202
_00203,MALIGNANT,clean/ROI/ROI_00203,clean/image/image_00203,clean/cropped/cropped_00203
_00204,BENIGN,clean/ROI/ROI_00204,clean/image/image_00204,clean/cropped/cropped_00204
_00205,BENIGN,clean/ROI/ROI_00205,clean/image/image_00205,clean/cropped/cropped_00205
_00206,BENIGN,clean/ROI/ROI_00206,clean/image/image_00206,clean/cropped/cropped_00206
_00207,BENIGN,clean/ROI/ROI_00207,clean/image/image_00207,clean/cropped/cropped_00207
_00208,BENIGN,clean/ROI/ROI_00208,clean/image/image_00208,clean/cropped/cropped_00208
_00209,BENIGN,clean/ROI/ROI_00209,clean/image/image_00209,clean/cropped/cropped_00209
_00210,BENIGN,clean/ROI/ROI_00210,clean/image/image_00210,clean/cropped/cropped_00210
_00211,BENIGN,clean/ROI/ROI_00211,clean/image/image_00211,clean/cropped/cropped_00211
_00212,BENIGN,clean/ROI/ROI_00212,clean/image/image_00212,clean/cropped/cropped_00212
_00213,MALIGNANT,clean/ROI/ROI_00213,clean/image/image_00213,clean/cropped/cropped_00213
_00214,BENIGN,clean/ROI/ROI_00214,clean/image/image_00214,clean/cropped/cropped_00214
_00215,BENIGN,clean/ROI/ROI_00215,clean/image/image_00215,clean/cropped/cropped_00215
_00216,MALIGNANT,clean/ROI/ROI_00216,clean/image/image_00216,clean/cropped/cropped_00216
_00217,BENIGN,clean/ROI/ROI_00217,clean/image/image_00217,clean/cropped/cropped_00217
_00218,BENIGN,clean/ROI/ROI_00218,clean/image/image_00218,clean/cropped/cropped_00218
_00219,BENIGN,clean/ROI/ROI_00219,clean/image/image_00219,clean/cropped/cropped_00219
_00220,MALIGNANT,clean/ROI/ROI_00220,clean/image/image_00220,clean/cropped/cropped_00220
_00221,BENIGN,clean/ROI/ROI_00221,clean/image/image_00221,clean/cropped/cropped_00221
_00222,MALIGNANT,clean/ROI/ROI_00222,clean/image/image_00222,clean/cropped/cropped_00222
_00223,MALIGNANT,clean/ROI/ROI_00223,clean/image/image_00223,clean/cropped/cropped_00223
_00224,MALIGNANT,clean/ROI/ROI_00224,clean/image/image_00224,clean/cropped/cropped_00224
_00225,MALIGNANT,clean/ROI/ROI_00225,clean/image/image_00225,clean/cropped/cropped_00225
_00226,MALIGNANT,clean/ROI/ROI_00226,clean/image/image_00226,clean/cropped/cropped_00226
_00227,BENIGN,clean/ROI/ROI_00227,clean/image/image_00227,clean/cropped/cropped_00227
_00228,BENIGN,clean/ROI/ROI_00228,clean/image/image_00228,clean/cropped/cropped_00228
_00229,BENIGN,clean/ROI/ROI_00229,clean/image/image_00229,clean/cropped/cropped_00229
_00230,MALIGNANT,clean/ROI/ROI_00230,clean/image/image_00230,clean/cropped/cropped_00230
_00231,MALIGNANT,clean/ROI/ROI_00231,clean/image/image_00231,clean/cropped/cropped_00231
_00232,BENIGN,clean/ROI/ROI_00232,clean/image/image_00232,clean/cropped/cropped_00232
_00233,BENIGN,clean/ROI/ROI_00233,clean/image/image_00233,clean/cropped/cropped_00233
_00234,BENIGN,clean/ROI/ROI_00234,clean/image/image_00234,clean/cropped/cropped_00234
_00235,BENIGN,clean/ROI/ROI_00235,clean/image/image_00235,clean/cropped/cropped_00235
_00236,BENIGN,clean/ROI/ROI_00236,clean/image/image_00236,clean/cropped/cropped_00236
_00237,BENIGN,clean/ROI/ROI_00237,clean/image/image_00237,clean/cropped/cropped_00237
_00238,MALIGNANT,clean/ROI/ROI_00238,clean/image/image_00238,clean/cropped/cropped_00238
_00239,MALIGNANT,clean/ROI/ROI_00239,clean/image/image_00239,clean/cropped/cropped_00239
_00240,BENIGN,clean/ROI/ROI_00240,clean/image/image_00240,clean/cropped/cropped_00240
_00241,BENIGN,clean/ROI/ROI_00241,clean/image/image_00241,clean/cropped/cropped_00241
_00242,BENIGN,clean/ROI/ROI_00242,clean/image/image_00242,clean/cropped/cropped_00242
_00243,MALIGNANT,clean/ROI/ROI_00243,clean/image/image_00243,clean/cropped/cropped_00243
_00244,MALIGNANT,clean/ROI/ROI_00244,clean/image/image_00244,clean/cropped/cropped_00244
_00245,BENIGN_WITHOUT_CALLBACK,clean/ROI/ROI_00245,clean/image/image_00245,clean/cropped/cropped_00245
_00246,BENIGN,clean/ROI/ROI_00246,clean/image/image_00246,clean/cropped/cropped_00246
_00247,BENIGN,clean/ROI/ROI_00247,clean/image/image_00247,clean/cropped/cropped_00247
_00248,BENIGN,clean/ROI/ROI_00248,clean/image/image_00248,clean/cropped/cropped_00248
_00249,BENIGN,clean/ROI/ROI_00249,clean/image/image_00249,clean/cropped/cropped_00249
_00250,MALIGNANT,clean/ROI/ROI_00250,clean/image/image_00250,clean/cropped/cropped_00250
_00251,MALIGNANT,clean/ROI/ROI_00251,clean/image/image_00251,clean/cropped/cropped_00251
_00252,MALIGNANT,clean/ROI/ROI_00252,clean/image/image_00252,clean/cropped/cropped_00252
_00253,BENIGN,clean/ROI/ROI_00253,clean/image/image_00253,clean/cropped/cropped_00253
_00254,MALIGNANT,clean/ROI/ROI_00254,clean/image/image_00254,clean/cropped/cropped_00254
_00255,MALIGNANT,clean/ROI/ROI_00255,clean/image/image_00255,clean/cropped/cropped_00255
_00256,MALIGNANT,clean/ROI/ROI_00256,clean/image/image_00256,clean/cropped/cropped_00256
_00257,MALIGNANT,clean/ROI/ROI_00257,clean/image/image_00257,clean/cropped/cropped_00257
_00258,MALIGNANT,clean/ROI/ROI_00258,clean/image/image_00258,clean/cropped/cropped_00258
_00259,BENIGN,clean/ROI/ROI_00259,clean/image/image_00259,clean/cropped/cropped_00259
_00260,BENIGN,clean/ROI/ROI_00260,clean/image/image_00260,clean/cropped/cropped_00260
_00261,BENIGN_WITHOUT_CALLBACK,clean/ROI/ROI_00261,clean/image/image_00261,clean/cropped/cropped_00261
_00262,BENIGN,clean/ROI/ROI_00262,clean/image/image_00262,clean/cropped/cropped_00262
_00263,BENIGN,clean/ROI/ROI_00263,clean/image/image_00263,clean/cropped/cropped_00263
_00264,BENIGN,clean/ROI/ROI_00264,clean/image/image_00264,clean/cropped/cropped_00264
_00265,BENIGN,clean/ROI/ROI_00265,clean/image/image_00265,clean/cropped/cropped_00265
_00266,MALIGNANT,clean/ROI/ROI_00266,clean/image/image_00266,clean/cropped/cropped_00266
_00267,MALIGNANT,clean/ROI/ROI_00267,clean/image/image_00267,clean/cropped/cropped_00267
_00268,MALIGNANT,clean/ROI/ROI_00268,clean/image/image_00268,clean/cropped/cropped_00268
_00269,BENIGN,clean/ROI/ROI_00269,clean/image/image_00269,clean/cropped/cropped_00269
_00270,BENIGN,clean/ROI/ROI_00270,clean/image/image_00270,clean/cropped/cropped_00270
_00271,MALIGNANT,clean/ROI/ROI_00271,clean/image/image_00271,clean/cropped/cropped_00271
_00272,MALIGNANT,clean/ROI/ROI_00272,clean/image/image_00272,clean/cropped/cropped_00272
_00273,BENIGN,clean/ROI/ROI_00273,clean/image/image_00273,clean/cropped/cropped_00273
_00274,BENIGN,clean/ROI/ROI_00274,clean/image/image_00274,clean/cropped/cropped_00274
_00275,MALIGNANT,clean/ROI/ROI_00275,clean/image/image_00275,clean/cropped/cropped_00275
_00276,MALIGNANT,clean/ROI/ROI_00276,clean/image/image_00276,clean/cropped/cropped_00276
_00277,BENIGN,clean/ROI/ROI_00277,clean/image/image_00277,clean/cropped/cropped_00277
_00278,BENIGN,clean/ROI/ROI_00278,clean/image/image_00278,clean/cropped/cropped_00278
_00279,BENIGN,clean/ROI/ROI_00279,clean/image/image_00279,clean/cropped/cropped_00279
_00280,BENIGN,clean/ROI/ROI_00280,clean/image/image_00280,clean/cropped/cropped_00280
_00281,BENIGN_WITHOUT_CALLBACK,clean/ROI/ROI_00281,clean/image/image_00281,clean/cropped/cropped_00281
_00282,BENIGN_WITHOUT_CALLBACK,clean/ROI/ROI_00282,clean/image/image_00282,clean/cropped/cropped_00282
_00283,BENIGN_WITHOUT_CALLBACK,clean/ROI/ROI_00283,clean/image/image_00283,clean/cropped/cropped_00283
_00284,BENIGN_WITHOUT_CALLBACK,clean/ROI/ROI_00284,clean/image/image_00284,clean/cropped/cropped_00284
_00285,BENIGN_WITHOUT_CALLBACK,clean/ROI/ROI_00285,clean/image/image_00285,clean/cropped/cropped_00285
_00286,BENIGN,clean/ROI/ROI_00286,clean/image/image_00286,clean/cropped/cropped_00286
_00287,BENIGN,clean/ROI/ROI_00287,clean/image/image_00287,clean/cropped/cropped_00287
_00288,BENIGN,clean/ROI/ROI_00288,clean/image/image_00288,clean/cropped/cropped_00288
_00289,MALIGNANT,clean/ROI/ROI_00289,clean/image/image_00289,clean/cropped/cropped_00289
_00290,BENIGN,clean/ROI/ROI_00290,clean/image/image_00290,clean/cropped/cropped_00290
_00291,BENIGN,clean/ROI/ROI_00291,clean/image/image_00291,clean/cropped/cropped_00291
_00292,BENIGN,clean/ROI/ROI_00292,clean/image/image_00292,clean/cropped/cropped_00292
_00293,BENIGN_WITHOUT_CALLBACK,clean/ROI/ROI_00293,clean/image/image_00293,clean/cropped/cropped_00293
_00294,MALIGNANT,clean/ROI/ROI_00294,clean/image/image_00294,clean/cropped/cropped_00294
_00295,MALIGNANT,clean/ROI/ROI_00295,clean/image/image_00295,clean/cropped/cropped_00295
_00296,MALIGNANT,clean/ROI/ROI_00296,clean/image/image_00296,clean/cropped/cropped_00296
_00297,BENIGN,clean/ROI/ROI_00297,clean/image/image_00297,clean/cropped/cropped_00297
_00298,BENIGN,clean/ROI/ROI_00298,clean/image/image_00298,clean/cropped/cropped_00298
_00299,MALIGNANT,clean/ROI/ROI_00299,clean/image/image_00299,clean/cropped/cropped_00299
_00300,MALIGNANT,clean/ROI/ROI_00300,clean/image/image_00300,clean/cropped/cropped_00300
_00301,MALIGNANT,clean/ROI/ROI_00301,clean/image/image_00301,clean/cropped/cropped_00301
_00302,MALIGNANT,clean/ROI/ROI_00302,clean/image/image_00302,clean/cropped/cropped_00302
_00303,MALIGNANT,clean/ROI/ROI_00303,clean/image/image_00303,clean/cropped/cropped_00303
_00304,MALIGNANT,clean/ROI/ROI_00304,clean/image/image_00304,clean/cropped/cropped_00304
_00305,BENIGN,clean/ROI/ROI_00305,clean/image/image_00305,clean/cropped/cropped_00305
_00306,BENIGN,clean/ROI/ROI_00306,clean/image/image_00306,clean/cropped/cropped_00306
_00307,MALIGNANT,clean/ROI/ROI_00307,clean/image/image_00307,clean/cropped/cropped_00307
_00308,MALIGNANT,clean/ROI/ROI_00308,clean/image/image_00308,clean/cropped/cropped_00308
_00309,MALIGNANT,clean/ROI/ROI_00309,clean/image/image_00309,clean/cropped/cropped_00309
_00310,MALIGNANT,clean/ROI/ROI_00310,clean/image/image_00310,clean/cropped/cropped_00310
_00311,MALIGNANT,clean/ROI/ROI_00311,clean/image/image_00311,clean/cropped/cropped_00311
_00312,BENIGN,clean/ROI/ROI_00312,clean/image/image_00312,clean/cropped/cropped_00312
_00313,MALIGNANT,clean/ROI/ROI_00313,clean/image/image_00313,clean/cropped/cropped_00313
_00314,MALIGNANT,clean/ROI/ROI_00314,clean/image/image_00314,clean/cropped/cropped_00314
_00315,MALIGNANT,clean/ROI/ROI_00315,clean/image/image_00315,clean/cropped/cropped_00315
_00316,MALIGNANT,clean/ROI/ROI_00316,clean/image/image_00316,clean/cropped/cropped_00316
_00317,MALIGNANT,clean/ROI/ROI_00317,clean/image/image_00317,clean/cropped/cropped_00317
_00318,MALIGNANT,clean/ROI/ROI_00318,clean/image/image_00318,clean/cropped/cropped_00318
_00319,BENIGN,clean/ROI/ROI_00319,clean/image/image_00319,clean/cropped/cropped_00319
_00320,MALIGNANT,clean/ROI/ROI_00320,clean/image/image_00320,clean/cropped/cropped_00320
_00321,MALIGNANT,clean/ROI/ROI_00321,clean/image/image_00321,clean/cropped/cropped_00321
_00322,BENIGN,clean/ROI/ROI_00322,clean/image/image_00322,clean/cropped/cropped_00322
_00323,BENIGN,clean/ROI/ROI_00323,clean/image/image_00323,clean/cropped/cropped_00323
_00324,BENIGN,clean/ROI/ROI_00324,clean/image/image_00324,clean/cropped/cropped_00324
_00325,BENIGN,clean/ROI/ROI_00325,clean/image/image_00325,clean/cropped/cropped_00325
_00326,BENIGN,clean/ROI/ROI_00326,clean/image/image_00326,clean/cropped/cropped_00326
_00327,BENIGN,clean/ROI/ROI_00327,clean/image/image_00327,clean/cropped/cropped_00327
_00328,MALIGNANT,clean/ROI/ROI_00328,clean/image/image_00328,clean/cropped/cropped_00328
_00329,BENIGN,clean/ROI/ROI_00329,clean/image/image_00329,clean/cropped/cropped_00329
_00330,MALIGNANT,clean/ROI/ROI_00330,clean/image/image_00330,clean/cropped/cropped_00330
_00331,MALIGNANT,clean/ROI/ROI_00331,clean/image/image_00331,clean/cropped/cropped_00331
_00332,BENIGN,clean/ROI/ROI_00332,clean/image/image_00332,clean/cropped/cropped_00332
_00333,BENIGN,clean/ROI/ROI_00333,clean/image/image_00333,clean/cropped/cropped_00333
_00334,MALIGNANT,clean/ROI/ROI_00334,clean/image/image_00334,clean/cropped/cropped_00334
_00335,BENIGN,clean/ROI/ROI_00335,clean/image/image_00335,clean/cropped/cropped_00335
_00336,BENIGN,clean/ROI/ROI_00336,clean/image/image_00336,clean/cropped/cropped_00336
_00337,BENIGN,clean/ROI/ROI_00337,clean/image/image_00337,clean/cropped/cropped_00337
_00338,MALIGNANT,clean/ROI/ROI_00338,clean/image/image_00338,clean/cropped/cropped_00338
_00339,MALIGNANT,clean/ROI/ROI_00339,clean/image/image_00339,clean/cropped/cropped_00339
_00340,MALIGNANT,clean/ROI/ROI_00340,clean/image/image_00340,clean/cropped/cropped_00340
_00341,MALIGNANT,clean/ROI/ROI_00341,clean/image/image_00341,clean/cropped/cropped_00341
_00342,MALIGNANT,clean/ROI/ROI_00342,clean/image/image_00342,clean/cropped/cropped_00342
_00343,BENIGN,clean/ROI/ROI_00343,clean/image/image_00343,clean/cropped/cropped_00343
_00344,MALIGNANT,clean/ROI/ROI_00344,clean/image/image_00344,clean/cropped/cropped_00344
_00345,MALIGNANT,clean/ROI/ROI_00345,clean/image/image_00345,clean/cropped/cropped_00345
_00346,MALIGNANT,clean/ROI/ROI_00346,clean/image/image_00346,clean/cropped/cropped_00346
_00347,BENIGN,clean/ROI/ROI_00347,clean/image/image_00347,clean/cropped/cropped_00347
_00348,BENIGN,clean/ROI/ROI_00348,clean/image/image_00348,clean/cropped/cropped_00348
_00349,BENIGN,clean/ROI/ROI_00349,clean/image/image_00349,clean/cropped/cropped_00349
_00350,MALIGNANT,clean/ROI/ROI_00350,clean/image/image_00350,clean/cropped/cropped_00350
_00351,MALIGNANT,clean/ROI/ROI_00351,clean/image/image_00351,clean/cropped/cropped_00351
_00352,MALIGNANT,clean/ROI/ROI_00352,clean/image/image_00352,clean/cropped/cropped_00352
_00353,MALIGNANT,clean/ROI/ROI_00353,clean/image/image_00353,clean/cropped/cropped_00353
_00354,MALIGNANT,clean/ROI/ROI_00354,clean/image/image_00354,clean/cropped/cropped_00354
_00355,MALIGNANT,clean/ROI/ROI_00355,clean/image/image_00355,clean/cropped/cropped_00355
_00356,MALIGNANT,clean/ROI/ROI_00356,clean/image/image_00356,clean/cropped/cropped_00356
_00357,MALIGNANT,clean/ROI/ROI_00357,clean/image/image_00357,clean/cropped/cropped_00357
_00358,BENIGN,clean/ROI/ROI_00358,clean/image/image_00358,clean/cropped/cropped_00358
_00359,BENIGN,clean/ROI/ROI_00359,clean/image/image_00359,clean/cropped/cropped_00359
_00360,BENIGN,clean/ROI/ROI_00360,clean/image/image_00360,clean/cropped/cropped_00360
_00361,BENIGN,clean/ROI/ROI_00361,clean/image/image_00361,clean/cropped/cropped_00361
_00362,BENIGN,clean/ROI/ROI_00362,clean/image/image_00362,clean/cropped/cropped_00362
_00363,BENIGN,clean/ROI/ROI_00363,clean/image/image_00363,clean/cropped/cropped_00363
_00364,BENIGN,clean/ROI/ROI_00364,clean/image/image_00364,clean/cropped/cropped_00364
_00365,BENIGN,clean/ROI/ROI_00365,clean/image/image_00365,clean/cropped/cropped_00365
_00366,BENIGN,clean/ROI/ROI_00366,clean/image/image_00366,clean/cropped/cropped_00366
_00367,BENIGN_WITHOUT_CALLBACK,clean/ROI/ROI_00367,clean/image/image_00367,clean/cropped/cropped_00367
_00368,BENIGN_WITHOUT_CALLBACK,clean/ROI/ROI_00368,clean/image/image_00368,clean/cropped/cropped_00368
_00369,BENIGN,clean/ROI/ROI_00369,clean/image/image_00369,clean/cropped/cropped_00369
_00370,BENIGN,clean/ROI/ROI_00370,clean/image/image_00370,clean/cropped/cropped_00370
_00371,BENIGN,clean/ROI/ROI_00371,clean/image/image_00371,clean/cropped/cropped_00371
_00372,MALIGNANT,clean/ROI/ROI_00372,clean/image/image_00372,clean/cropped/cropped_00372
_00373,MALIGNANT,clean/ROI/ROI_00373,clean/image/image_00373,clean/cropped/cropped_00373
_00374,MALIGNANT,clean/ROI/ROI_00374,clean/image/image_00374,clean/cropped/cropped_00374
_00375,BENIGN,clean/ROI/ROI_00375,clean/image/image_00375,clean/cropped/cropped_00375
_00376,BENIGN,clean/ROI/ROI_00376,clean/image/image_00376,clean/cropped/cropped_00376
_00377,MALIGNANT,clean/ROI/ROI_00377,clean/image/image_00377,clean/cropped/cropped_00377
_00378,MALIGNANT,clean/ROI/ROI_00378,clean/image/image_00378,clean/cropped/cropped_00378
_00379,BENIGN_WITHOUT_CALLBACK,clean/ROI/ROI_00379,clean/image/image_00379,clean/cropped/cropped_00379
_00380,BENIGN_WITHOUT_CALLBACK,clean/ROI/ROI_00380,clean/image/image_00380,clean/cropped/cropped_00380
_00381,MALIGNANT,clean/ROI/ROI_00381,clean/image/image_00381,clean/cropped/cropped_00381
_00382,BENIGN,clean/ROI/ROI_00382,clean/image/image_00382,clean/cropped/cropped_00382
_00383,BENIGN,clean/ROI/ROI_00383,clean/image/image_00383,clean/cropped/cropped_00383
_00384,BENIGN_WITHOUT_CALLBACK,clean/ROI/ROI_00384,clean/image/image_00384,clean/cropped/cropped_00384
_00385,MALIGNANT,clean/ROI/ROI_00385,clean/image/image_00385,clean/cropped/cropped_00385
_00386,MALIGNANT,clean/ROI/ROI_00386,clean/image/image_00386,clean/cropped/cropped_00386
_00387,BENIGN,clean/ROI/ROI_00387,clean/image/image_00387,clean/cropped/cropped_00387
_00388,MALIGNANT,clean/ROI/ROI_00388,clean/image/image_00388,clean/cropped/cropped_00388
_00389,BENIGN,clean/ROI/ROI_00389,clean/image/image_00389,clean/cropped/cropped_00389
_00390,BENIGN,clean/ROI/ROI_00390,clean/image/image_00390,clean/cropped/cropped_00390
_00391,BENIGN,clean/ROI/ROI_00391,clean/image/image_00391,clean/cropped/cropped_00391
_00392,BENIGN,clean/ROI/ROI_00392,clean/image/image_00392,clean/cropped/cropped_00392
_00393,MALIGNANT,clean/ROI/ROI_00393,clean/image/image_00393,clean/cropped/cropped_00393
_00394,MALIGNANT,clean/ROI/ROI_00394,clean/image/image_00394,clean/cropped/cropped_00394
_00395,MALIGNANT,clean/ROI/ROI_00395,clean/image/image_00395,clean/cropped/cropped_00395
_00396,MALIGNANT,clean/ROI/ROI_00396,clean/image/image_00396,clean/cropped/cropped_00396
_00397,MALIGNANT,clean/ROI/ROI_00397,clean/image/image_00397,clean/cropped/cropped_00397
_00398,BENIGN,clean/ROI/ROI_00398,clean/image/image_00398,clean/cropped/cropped_00398
_00399,MALIGNANT,clean/ROI/ROI_00399,clean/image/image_00399,clean/cropped/cropped_00399
_00400,BENIGN,clean/ROI/ROI_00400,clean/image/image_00400,clean/cropped/cropped_00400
_00401,BENIGN,clean/ROI/ROI_00401,clean/image/image_00401,clean/cropped/cropped_00401
_00402,BENIGN,clean/ROI/ROI_00402,clean/image/image_00402,clean/cropped/cropped_00402
_00403,MALIGNANT,clean/ROI/ROI_00403,clean/image/image_00403,clean/cropped/cropped_00403
_00404,MALIGNANT,clean/ROI/ROI_00404,clean/image/image_00404,clean/cropped/cropped_00404
_00405,BENIGN,clean/ROI/ROI_00405,clean/image/image_00405,clean/cropped/cropped_00405
_00406,BENIGN,clean/ROI/ROI_00406,clean/image/image_00406,clean/cropped/cropped_00406
_00407,MALIGNANT,clean/ROI/ROI_00407,clean/image/image_00407,clean/cropped/cropped_00407
_00408,BENIGN,clean/ROI/ROI_00408,clean/image/image_00408,clean/cropped/cropped_00408
_00409,BENIGN,clean/ROI/ROI_00409,clean/image/image_00409,clean/cropped/cropped_00409
_00410,BENIGN,clean/ROI/ROI_00410,clean/image/image_00410,clean/cropped/cropped_00410
_00411,BENIGN,clean/ROI/ROI_00411,clean/image/image_00411,clean/cropped/cropped_00411
_00412,MALIGNANT,clean/ROI/ROI_00412,clean/image/image_00412,clean/cropped/cropped_00412
_00413,MALIGNANT,clean/ROI/ROI_00413,clean/image/image_00413,clean/cropped/cropped_00413
_00414,MALIGNANT,clean/ROI/ROI_00414,clean/image/image_00414,clean/cropped/cropped_00414
_00415,BENIGN,clean/ROI/ROI_00415,clean/image/image_00415,clean/cropped/cropped_00415
_00416,BENIGN,clean/ROI/ROI_00416,clean/image/image_00416,clean/cropped/cropped_00416
_00417,MALIGNANT,clean/ROI/ROI_00417,clean/image/image_00417,clean/cropped/cropped_00417
_00418,MALIGNANT,clean/ROI/ROI_00418,clean/image/image_00418,clean/cropped/cropped_00418
_00419,MALIGNANT,clean/ROI/ROI_00419,clean/image/image_00419,clean/cropped/cropped_00419
_00420,BENIGN,clean/ROI/ROI_00420,clean/image/image_00420,clean/cropped/cropped_00420
_00421,MALIGNANT,clean/ROI/ROI_00421,clean/image/image_00421,clean/cropped/cropped_00421
_00422,BENIGN,clean/ROI/ROI_00422,clean/image/image_00422,clean/cropped/cropped_00422
_00423,BENIGN,clean/ROI/ROI_00423,clean/image/image_00423,clean/cropped/cropped_00423
_00424,BENIGN,clean/ROI/ROI_00424,clean/image/image_00424,clean/cropped/cropped_00424
_00425,BENIGN,clean/ROI/ROI_00425,clean/image/image_00425,clean/cropped/cropped_00425
_00426,BENIGN,clean/ROI/ROI_00426,clean/image/image_00426,clean/cropped/cropped_00426
_00427,BENIGN,clean/ROI/ROI_00427,clean/image/image_00427,clean/cropped/cropped_00427
_00428,BENIGN,clean/ROI/ROI_00428,clean/image/image_00428,clean/cropped/cropped_00428
_00429,MALIGNANT,clean/ROI/ROI_00429,clean/image/image_00429,clean/cropped/cropped_00429
_00430,MALIGNANT,clean/ROI/ROI_00430,clean/image/image_00430,clean/cropped/cropped_00430
_00431,MALIGNANT,clean/ROI/ROI_00431,clean/image/image_00431,clean/cropped/cropped_00431
_00432,MALIGNANT,clean/ROI/ROI_00432,clean/image/image_00432,clean/cropped/cropped_00432
_00433,BENIGN,clean/ROI/ROI_00433,clean/image/image_00433,clean/cropped/cropped_00433
_00434,BENIGN,clean/ROI/ROI_00434,clean/image/image_00434,clean/cropped/cropped_00434
_00435,MALIGNANT,clean/ROI/ROI_00435,clean/image/image_00435,clean/cropped/cropped_00435
_00436,BENIGN,clean/ROI/ROI_00436,clean/image/image_00436,clean/cropped/cropped_00436
_00437,BENIGN,clean/ROI/ROI_00437,clean/image/image_00437,clean/cropped/cropped_00437
_00438,BENIGN,clean/ROI/ROI_00438,clean/image/image_00438,clean/cropped/cropped_00438
_00439,BENIGN,clean/ROI/ROI_00439,clean/image/image_00439,clean/cropped/cropped_00439
_00440,BENIGN,clean/ROI/ROI_00440,clean/image/image_00440,clean/cropped/cropped_00440
_00441,BENIGN,clean/ROI/ROI_00441,clean/image/image_00441,clean/cropped/cropped_00441
_00442,BENIGN,clean/ROI/ROI_00442,clean/image/image_00442,clean/cropped/cropped_00442
_00443,BENIGN,clean/ROI/ROI_00443,clean/image/image_00443,clean/cropped/cropped_00443
_00444,BENIGN,clean/ROI/ROI_00444,clean/image/image_00444,clean/cropped/cropped_00444
_00445,BENIGN,clean/ROI/ROI_00445,clean/image/image_00445,clean/cropped/cropped_00445
_00446,BENIGN,clean/ROI/ROI_00446,clean/image/image_00446,clean/cropped/cropped_00446
_00447,BENIGN,clean/ROI/ROI_00447,clean/image/image_00447,clean/cropped/cropped_00447
_00448,BENIGN,clean/ROI/ROI_00448,clean/image/image_00448,clean/cropped/cropped_00448
_00449,BENIGN,clean/ROI/ROI_00449,clean/image/image_00449,clean/cropped/cropped_00449
_00450,MALIGNANT,clean/ROI/ROI_00450,clean/image/image_00450,clean/cropped/cropped_00450
_00451,MALIGNANT,clean/ROI/ROI_00451,clean/image/image_00451,clean/cropped/cropped_00451
_00452,BENIGN,clean/ROI/ROI_00452,clean/image/image_00452,clean/cropped/cropped_00452
_00453,MALIGNANT,clean/ROI/ROI_00453,clean/image/image_00453,clean/cropped/cropped_00453
_00454,MALIGNANT,clean/ROI/ROI_00454,clean/image/image_00454,clean/cropped/cropped_00454
_00455,BENIGN,clean/ROI/ROI_00455,clean/image/image_00455,clean/cropped/cropped_00455
_00456,BENIGN,clean/ROI/ROI_00456,clean/image/image_00456,clean/cropped/cropped_00456
_00457,BENIGN,clean/ROI/ROI_00457,clean/image/image_00457,clean/cropped/cropped_00457
_00458,BENIGN,clean/ROI/ROI_00458,clean/image/image_00458,clean/cropped/cropped_00458
_00459,MALIGNANT,clean/ROI/ROI_00459,clean/image/image_00459,clean/cropped/cropped_00459
_00460,MALIGNANT,clean/ROI/ROI_00460,clean/image/image_00460,clean/cropped/cropped_00460
_00461,MALIGNANT,clean/ROI/ROI_00461,clean/image/image_00461,clean/cropped/cropped_00461
_00462,MALIGNANT,clean/ROI/ROI_00462,clean/image/image_00462,clean/cropped/cropped_00462
_00463,MALIGNANT,clean/ROI/ROI_00463,clean/image/image_00463,clean/cropped/cropped_00463
_00464,BENIGN,clean/ROI/ROI_00464,clean/image/image_00464,clean/cropped/cropped_00464
_00465,BENIGN,clean/ROI/ROI_00465,clean/image/image_00465,clean/cropped/cropped_00465
_00466,BENIGN,clean/ROI/ROI_00466,clean/image/image_00466,clean/cropped/cropped_00466
_00467,MALIGNANT,clean/ROI/ROI_00467,clean/image/image_00467,clean/cropped/cropped_00467
_00468,MALIGNANT,clean/ROI/ROI_00468,clean/image/image_00468,clean/cropped/cropped_00468
_00469,BENIGN,clean/ROI/ROI_00469,clean/image/image_00469,clean/cropped/cropped_00469
_00470,BENIGN,clean/ROI/ROI_00470,clean/image/image_00470,clean/cropped/cropped_00470
_00471,BENIGN_WITHOUT_CALLBACK,clean/ROI/ROI_00471,clean/image/image_00471,clean/cropped/cropped_00471
_00472,MALIGNANT,clean/ROI/ROI_00472,clean/image/image_00472,clean/cropped/cropped_00472
_00473,MALIGNANT,clean/ROI/ROI_00473,clean/image/image_00473,clean/cropped/cropped_00473
_00474,MALIGNANT,clean/ROI/ROI_00474,clean/image/image_00474,clean/cropped/cropped_00474
_00475,MALIGNANT,clean/ROI/ROI_00475,clean/image/image_00475,clean/cropped/cropped_00475
_00476,BENIGN,clean/ROI/ROI_00476,clean/image/image_00476,clean/cropped/cropped_00476
_00477,BENIGN,clean/ROI/ROI_00477,clean/image/image_00477,clean/cropped/cropped_00477
_00478,MALIGNANT,clean/ROI/ROI_00478,clean/image/image_00478,clean/cropped/cropped_00478
_00479,MALIGNANT,clean/ROI/ROI_00479,clean/image/image_00479,clean/cropped/cropped_00479
_00480,MALIGNANT,clean/ROI/ROI_00480,clean/image/image_00480,clean/cropped/cropped_00480
_00481,MALIGNANT,clean/ROI/ROI_00481,clean/image/image_00481,clean/cropped/cropped_00481
_00482,BENIGN,clean/ROI/ROI_00482,clean/image/image_00482,clean/cropped/cropped_00482
_00483,BENIGN,clean/ROI/ROI_00483,clean/image/image_00483,clean/cropped/cropped_00483
_00484,BENIGN,clean/ROI/ROI_00484,clean/image/image_00484,clean/cropped/cropped_00484
_00485,MALIGNANT,clean/ROI/ROI_00485,clean/image/image_00485,clean/cropped/cropped_00485
_00486,BENIGN,clean/ROI/ROI_00486,clean/image/image_00486,clean/cropped/cropped_00486
_00487,BENIGN,clean/ROI/ROI_00487,clean/image/image_00487,clean/cropped/cropped_00487
_00488,BENIGN,clean/ROI/ROI_00488,clean/image/image_00488,clean/cropped/cropped_00488
_00489,BENIGN,clean/ROI/ROI_00489,clean/image/image_00489,clean/cropped/cropped_00489
_00490,BENIGN,clean/ROI/ROI_00490,clean/image/image_00490,clean/cropped/cropped_00490
_00491,MALIGNANT,clean/ROI/ROI_00491,clean/image/image_00491,clean/cropped/cropped_00491
_00492,MALIGNANT,clean/ROI/ROI_00492,clean/image/image_00492,clean/cropped/cropped_00492
_00493,MALIGNANT,clean/ROI/ROI_00493,clean/image/image_00493,clean/cropped/cropped_00493
_00494,MALIGNANT,clean/ROI/ROI_00494,clean/image/image_00494,clean/cropped/cropped_00494
_00495,MALIGNANT,clean/ROI/ROI_00495,clean/image/image_00495,clean/cropped/cropped_00495
_00496,MALIGNANT,clean/ROI/ROI_00496,clean/image/image_00496,clean/cropped/cropped_00496
_00497,BENIGN_WITHOUT_CALLBACK,clean/ROI/ROI_00497,clean/image/image_00497,clean/cropped/cropped_00497
_00498,BENIGN,clean/ROI/ROI_00498,clean/image/image_00498,clean/cropped/cropped_00498
_00499,BENIGN,clean/ROI/ROI_00499,clean/image/image_00499,clean/cropped/cropped_00499
_00500,BENIGN,clean/ROI/ROI_00500,clean/image/image_00500,clean/cropped/cropped_00500
_00501,BENIGN,clean/ROI/ROI_00501,clean/image/image_00501,clean/cropped/cropped_00501
_00502,MALIGNANT,clean/ROI/ROI_00502,clean/image/image_00502,clean/cropped/cropped_00502
_00503,BENIGN,clean/ROI/ROI_00503,clean/image/image_00503,clean/cropped/cropped_00503
_00504,BENIGN,clean/ROI/ROI_00504,clean/image/image_00504,clean/cropped/cropped_00504
_00505,MALIGNANT,clean/ROI/ROI_00505,clean/image/image_00505,clean/cropped/cropped_00505
_00506,BENIGN,clean/ROI/ROI_00506,clean/image/image_00506,clean/cropped/cropped_00506
_00507,BENIGN,clean/ROI/ROI_00507,clean/image/image_00507,clean/cropped/cropped_00507
_00508,BENIGN,clean/ROI/ROI_00508,clean/image/image_00508,clean/cropped/cropped_00508
_00509,MALIGNANT,clean/ROI/ROI_00509,clean/image/image_00509,clean/cropped/cropped_00509
_00510,BENIGN,clean/ROI/ROI_00510,clean/image/image_00510,clean/cropped/cropped_00510
_00511,BENIGN,clean/ROI/ROI_00511,clean/image/image_00511,clean/cropped/cropped_00511
_00512,MALIGNANT,clean/ROI/ROI_00512,clean/image/image_00512,clean/cropped/cropped_00512
_00513,BENIGN_WITHOUT_CALLBACK,clean/ROI/ROI_00513,clean/image/image_00513,clean/cropped/cropped_00513
_00514,BENIGN,clean/ROI/ROI_00514,clean/image/image_00514,clean/cropped/cropped_00514
_00515,BENIGN,clean/ROI/ROI_00515,clean/image/image_00515,clean/cropped/cropped_00515
_00516,MALIGNANT,clean/ROI/ROI_00516,clean/image/image_00516,clean/cropped/cropped_00516
_00517,BENIGN,clean/ROI/ROI_00517,clean/image/image_00517,clean/cropped/cropped_00517
_00518,BENIGN,clean/ROI/ROI_00518,clean/image/image_00518,clean/cropped/cropped_00518
_00519,BENIGN,clean/ROI/ROI_00519,clean/image/image_00519,clean/cropped/cropped_00519
_00520,MALIGNANT,clean/ROI/ROI_00520,clean/image/image_00520,clean/cropped/cropped_00520
_00521,BENIGN,clean/ROI/ROI_00521,clean/image/image_00521,clean/cropped/cropped_00521
_00522,BENIGN,clean/ROI/ROI_00522,clean/image/image_00522,clean/cropped/cropped_00522
_00523,BENIGN,clean/ROI/ROI_00523,clean/image/image_00523,clean/cropped/cropped_00523
_00524,BENIGN,clean/ROI/ROI_00524,clean/image/image_00524,clean/cropped/cropped_00524
_00525,MALIGNANT,clean/ROI/ROI_00525,clean/image/image_00525,clean/cropped/cropped_00525
_00526,MALIGNANT,clean/ROI/ROI_00526,clean/image/image_00526,clean/cropped/cropped_00526
_00527,BENIGN,clean/ROI/ROI_00527,clean/image/image_00527,clean/cropped/cropped_00527
_00528,BENIGN,clean/ROI/ROI_00528,clean/image/image_00528,clean/cropped/cropped_00528
_00529,BENIGN,clean/ROI/ROI_00529,clean/image/image_00529,clean/cropped/cropped_00529
_00530,BENIGN,clean/ROI/ROI_00530,clean/image/image_00530,clean/cropped/cropped_00530
_00531,MALIGNANT,clean/ROI/ROI_00531,clean/image/image_00531,clean/cropped/cropped_00531
_00532,BENIGN_WITHOUT_CALLBACK,clean/ROI/ROI_00532,clean/image/image_00532,clean/cropped/cropped_00532
_00533,BENIGN,clean/ROI/ROI_00533,clean/image/image_00533,clean/cropped/cropped_00533
_00534,BENIGN,clean/ROI/ROI_00534,clean/image/image_00534,clean/cropped/cropped_00534
_00535,BENIGN,clean/ROI/ROI_00535,clean/image/image_00535,clean/cropped/cropped_00535
_00536,BENIGN,clean/ROI/ROI_00536,clean/image/image_00536,clean/cropped/cropped_00536
_00537,BENIGN,clean/ROI/ROI_00537,clean/image/image_00537,clean/cropped/cropped_00537
_00538,BENIGN,clean/ROI/ROI_00538,clean/image/image_00538,clean/cropped/cropped_00538
_00539,MALIGNANT,clean/ROI/ROI_00539,clean/image/image_00539,clean/cropped/cropped_00539
_00540,BENIGN_WITHOUT_CALLBACK,clean/ROI/ROI_00540,clean/image/image_00540,clean/cropped/cropped_00540
_00541,MALIGNANT,clean/ROI/ROI_00541,clean/image/image_00541,clean/cropped/cropped_00541
_00542,MALIGNANT,clean/ROI/ROI_00542,clean/image/image_00542,clean/cropped/cropped_00542
_00543,BENIGN,clean/ROI/ROI_00543,clean/image/image_00543,clean/cropped/cropped_00543
_00544,BENIGN,clean/ROI/ROI_00544,clean/image/image_00544,clean/cropped/cropped_00544
_00545,BENIGN,clean/ROI/ROI_00545,clean/image/image_00545,clean/cropped/cropped_00545
_00546,BENIGN,clean/ROI/ROI_00546,clean/image/image_00546,clean/cropped/cropped_00546
_00547,MALIGNANT,clean/ROI/ROI_00547,clean/image/image_00547,clean/cropped/cropped_00547
_00548,MALIGNANT,clean/ROI/ROI_00548,clean/image/image_00548,clean/cropped/cropped_00548
_00549,MALIGNANT,clean/ROI/ROI_00549,clean/image/image_00549,clean/cropped/cropped_00549
_00550,BENIGN,clean/ROI/ROI_00550,clean/image/image_00550,clean/cropped/cropped_00550
_00551,BENIGN,clean/ROI/ROI_00551,clean/image/image_00551,clean/cropped/cropped_00551
_00552,BENIGN,clean/ROI/ROI_00552,clean/image/image_00552,clean/cropped/cropped_00552
_00553,MALIGNANT,clean/ROI/ROI_00553,clean/image/image_00553,clean/cropped/cropped_00553
_00554,BENIGN,clean/ROI/ROI_00554,clean/image/image_00554,clean/cropped/cropped_00554
_00555,BENIGN,clean/ROI/ROI_00555,clean/image/image_00555,clean/cropped/cropped_00555
_00556,BENIGN,clean/ROI/ROI_00556,clean/image/image_00556,clean/cropped/cropped_00556
_00557,MALIGNANT,clean/ROI/ROI_00557,clean/image/image_00557,clean/cropped/cropped_00557
_00558,MALIGNANT,clean/ROI/ROI_00558,clean/image/image_00558,clean/cropped/cropped_00558
_00559,MALIGNANT,clean/ROI/ROI_00559,clean/image/image_00559,clean/cropped/cropped_00559
_00560,MALIGNANT,clean/ROI/ROI_00560,clean/image/image_00560,clean/cropped/cropped_00560
_00561,MALIGNANT,clean/ROI/ROI_00561,clean/image/image_00561,clean/cropped/cropped_00561
_00562,MALIGNANT,clean/ROI/ROI_00562,clean/image/image_00562,clean/cropped/cropped_00562
_00563,MALIGNANT,clean/ROI/ROI_00563,clean/image/image_00563,clean/cropped/cropped_00563
_00564,MALIGNANT,clean/ROI/ROI_00564,clean/image/image_00564,clean/cropped/cropped_00564
_00565,MALIGNANT,clean/ROI/ROI_00565,clean/image/image_00565,clean/cropped/cropped_00565
_00566,BENIGN,clean/ROI/ROI_00566,clean/image/image_00566,clean/cropped/cropped_00566
_00567,BENIGN,clean/ROI/ROI_00567,clean/image/image_00567,clean/cropped/cropped_00567
_00568,BENIGN,clean/ROI/ROI_00568,clean/image/image_00568,clean/cropped/cropped_00568
_00569,BENIGN,clean/ROI/ROI_00569,clean/image/image_00569,clean/cropped/cropped_00569
_00570,MALIGNANT,clean/ROI/ROI_00570,clean/image/image_00570,clean/cropped/cropped_00570
_00571,MALIGNANT,clean/ROI/ROI_00571,clean/image/image_00571,clean/cropped/cropped_00571
_00572,MALIGNANT,clean/ROI/ROI_00572,clean/image/image_00572,clean/cropped/cropped_00572
_00573,MALIGNANT,clean/ROI/ROI_00573,clean/image/image_00573,clean/cropped/cropped_00573
_00574,BENIGN,clean/ROI/ROI_00574,clean/image/image_00574,clean/cropped/cropped_00574
_00575,BENIGN,clean/ROI/ROI_00575,clean/image/image_00575,clean/cropped/cropped_00575
_00576,MALIGNANT,clean/ROI/ROI_00576,clean/image/image_00576,clean/cropped/cropped_00576
_00577,BENIGN,clean/ROI/ROI_00577,clean/image/image_00577,clean/cropped/cropped_00577
_00578,MALIGNANT,clean/ROI/ROI_00578,clean/image/image_00578,clean/cropped/cropped_00578
_00579,MALIGNANT,clean/ROI/ROI_00579,clean/image/image_00579,clean/cropped/cropped_00579
_00580,BENIGN,clean/ROI/ROI_00580,clean/image/image_00580,clean/cropped/cropped_00580
_00581,BENIGN,clean/ROI/ROI_00581,clean/image/image_00581,clean/cropped/cropped_00581
_00582,BENIGN,clean/ROI/ROI_00582,clean/image/image_00582,clean/cropped/cropped_00582
_00583,MALIGNANT,clean/ROI/ROI_00583,clean/image/image_00583,clean/cropped/cropped_00583
_00584,MALIGNANT,clean/ROI/ROI_00584,clean/image/image_00584,clean/cropped/cropped_00584
_00585,MALIGNANT,clean/ROI/ROI_00585,clean/image/image_00585,clean/cropped/cropped_00585
_00586,MALIGNANT,clean/ROI/ROI_00586,clean/image/image_00586,clean/cropped/cropped_00586
_00587,MALIGNANT,clean/ROI/ROI_00587,clean/image/image_00587,clean/cropped/cropped_00587
_00588,MALIGNANT,clean/ROI/ROI_00588,clean/image/image_00588,clean/cropped/cropped_00588
_00589,BENIGN_WITHOUT_CALLBACK,clean/ROI/ROI_00589,clean/image/image_00589,clean/cropped/cropped_00589
_00590,MALIGNANT,clean/ROI/ROI_00590,clean/image/image_00590,clean/cropped/cropped_00590
_00591,MALIGNANT,clean/ROI/ROI_00591,clean/image/image_00591,clean/cropped/cropped_00591
_00592,MALIGNANT,clean/ROI/ROI_00592,clean/image/image_00592,clean/cropped/cropped_00592
_00593,MALIGNANT,clean/ROI/ROI_00593,clean/image/image_00593,clean/cropped/cropped_00593
_00594,MALIGNANT,clean/ROI/ROI_00594,clean/image/image_00594,clean/cropped/cropped_00594
_00595,BENIGN,clean/ROI/ROI_00595,clean/image/image_00595,clean/cropped/cropped_00595
_00596,MALIGNANT,clean/ROI/ROI_00596,clean/image/image_00596,clean/cropped/cropped_00596
_00597,MALIGNANT,clean/ROI/ROI_00597,clean/image/image_00597,clean/cropped/cropped_00597
_00598,MALIGNANT,clean/ROI/ROI_00598,clean/image/image_00598,clean/cropped/cropped_00598
_00599,BENIGN,clean/ROI/ROI_00599,clean/image/image_00599,clean/cropped/cropped_00599
_00600,MALIGNANT,clean/ROI/ROI_00600,clean/image/image_00600,clean/cropped/cropped_00600
_00601,MALIGNANT,clean/ROI/ROI_00601,clean/image/image_00601,clean/cropped/cropped_00601
_00602,MALIGNANT,clean/ROI/ROI_00602,clean/image/image_00602,clean/cropped/cropped_00602
_00603,MALIGNANT,clean/ROI/ROI_00603,clean/image/image_00603,clean/cropped/cropped_00603
_00604,MALIGNANT,clean/ROI/ROI_00604,clean/image/image_00604,clean/cropped/cropped_00604
_00605,MALIGNANT,clean/ROI/ROI_00605,clean/image/image_00605,clean/cropped/cropped_00605
_00606,MALIGNANT,clean/ROI/ROI_00606,clean/image/image_00606,clean/cropped/cropped_00606
_00607,MALIGNANT,clean/ROI/ROI_00607,clean/image/image_00607,clean/cropped/cropped_00607
_00608,BENIGN,clean/ROI/ROI_00608,clean/image/image_00608,clean/cropped/cropped_00608
_00609,MALIGNANT,clean/ROI/ROI_00609,clean/image/image_00609,clean/cropped/cropped_00609
_00610,MALIGNANT,clean/ROI/ROI_00610,clean/image/image_00610,clean/cropped/cropped_00610
_00611,MALIGNANT,clean/ROI/ROI_00611,clean/image/image_00611,clean/cropped/cropped_00611
_00612,MALIGNANT,clean/ROI/ROI_00612,clean/image/image_00612,clean/cropped/cropped_00612
_00613,MALIGNANT,clean/ROI/ROI_00613,clean/image/image_00613,clean/cropped/cropped_00613
_00614,MALIGNANT,clean/ROI/ROI_00614,clean/image/image_00614,clean/cropped/cropped_00614
_00615,BENIGN,clean/ROI/ROI_00615,clean/image/image_00615,clean/cropped/cropped_00615
_00616,BENIGN,clean/ROI/ROI_00616,clean/image/image_00616,clean/cropped/cropped_00616
_00617,BENIGN,clean/ROI/ROI_00617,clean/image/image_00617,clean/cropped/cropped_00617
_00618,BENIGN,clean/ROI/ROI_00618,clean/image/image_00618,clean/cropped/cropped_00618
_00619,BENIGN,clean/ROI/ROI_00619,clean/image/image_00619,clean/cropped/cropped_00619
_00620,MALIGNANT,clean/ROI/ROI_00620,clean/image/image_00620,clean/cropped/cropped_00620
_00621,MALIGNANT,clean/ROI/ROI_00621,clean/image/image_00621,clean/cropped/cropped_00621
_00622,BENIGN_WITHOUT_CALLBACK,clean/ROI/ROI_00622,clean/image/image_00622,clean/cropped/cropped_00622
_00623,MALIGNANT,clean/ROI/ROI_00623,clean/image/image_00623,clean/cropped/cropped_00623
_00624,MALIGNANT,clean/ROI/ROI_00624,clean/image/image_00624,clean/cropped/cropped_00624
_00625,BENIGN,clean/ROI/ROI_00625,clean/image/image_00625,clean/cropped/cropped_00625
_00626,BENIGN,clean/ROI/ROI_00626,clean/image/image_00626,clean/cropped/cropped_00626
_00627,MALIGNANT,clean/ROI/ROI_00627,clean/image/image_00627,clean/cropped/cropped_00627
_00628,MALIGNANT,clean/ROI/ROI_00628,clean/image/image_00628,clean/cropped/cropped_00628
_00629,BENIGN,clean/ROI/ROI_00629,clean/image/image_00629,clean/cropped/cropped_00629
_00630,BENIGN,clean/ROI/ROI_00630,clean/image/image_00630,clean/cropped/cropped_00630
_00631,MALIGNANT,clean/ROI/ROI_00631,clean/image/image_00631,clean/cropped/cropped_00631
_00632,BENIGN,clean/ROI/ROI_00632,clean/image/image_00632,clean/cropped/cropped_00632
_00633,BENIGN,clean/ROI/ROI_00633,clean/image/image_00633,clean/cropped/cropped_00633
_00634,MALIGNANT,clean/ROI/ROI_00634,clean/image/image_00634,clean/cropped/cropped_00634
_00635,MALIGNANT,clean/ROI/ROI_00635,clean/image/image_00635,clean/cropped/cropped_00635
_00636,MALIGNANT,clean/ROI/ROI_00636,clean/image/image_00636,clean/cropped/cropped_00636
_00637,MALIGNANT,clean/ROI/ROI_00637,clean/image/image_00637,clean/cropped/cropped_00637
_00638,MALIGNANT,clean/ROI/ROI_00638,clean/image/image_00638,clean/cropped/cropped_00638
_00639,MALIGNANT,clean/ROI/ROI_00639,clean/image/image_00639,clean/cropped/cropped_00639
_00640,BENIGN_WITHOUT_CALLBACK,clean/ROI/ROI_00640,clean/image/image_00640,clean/cropped/cropped_00640
_00641,MALIGNANT,clean/ROI/ROI_00641,clean/image/image_00641,clean/cropped/cropped_00641
_00642,BENIGN_WITHOUT_CALLBACK,clean/ROI/ROI_00642,clean/image/image_00642,clean/cropped/cropped_00642
_00643,MALIGNANT,clean/ROI/ROI_00643,clean/image/image_00643,clean/cropped/cropped_00643
_00644,BENIGN,clean/ROI/ROI_00644,clean/image/image_00644,clean/cropped/cropped_00644
_00645,BENIGN,clean/ROI/ROI_00645,clean/image/image_00645,clean/cropped/cropped_00645
_00646,BENIGN,clean/ROI/ROI_00646,clean/image/image_00646,clean/cropped/cropped_00646
_00647,MALIGNANT,clean/ROI/ROI_00647,clean/image/image_00647,clean/cropped/cropped_00647
_00648,MALIGNANT,clean/ROI/ROI_00648,clean/image/image_00648,clean/cropped/cropped_00648
_00649,BENIGN,clean/ROI/ROI_00649,clean/image/image_00649,clean/cropped/cropped_00649
_00650,BENIGN,clean/ROI/ROI_00650,clean/image/image_00650,clean/cropped/cropped_00650
_00651,BENIGN,clean/ROI/ROI_00651,clean/image/image_00651,clean/cropped/cropped_00651
_00652,MALIGNANT,clean/ROI/ROI_00652,clean/image/image_00652,clean/cropped/cropped_00652
_00653,MALIGNANT,clean/ROI/ROI_00653,clean/image/image_00653,clean/cropped/cropped_00653
_00654,BENIGN,clean/ROI/ROI_00654,clean/image/image_00654,clean/cropped/cropped_00654
_00655,MALIGNANT,clean/ROI/ROI_00655,clean/image/image_00655,clean/cropped/cropped_00655
_00656,MALIGNANT,clean/ROI/ROI_00656,clean/image/image_00656,clean/cropped/cropped_00656
_00657,MALIGNANT,clean/ROI/ROI_00657,clean/image/image_00657,clean/cropped/cropped_00657
_00658,MALIGNANT,clean/ROI/ROI_00658,clean/image/image_00658,clean/cropped/cropped_00658
_00659,MALIGNANT,clean/ROI/ROI_00659,clean/image/image_00659,clean/cropped/cropped_00659
_00660,MALIGNANT,clean/ROI/ROI_00660,clean/image/image_00660,clean/cropped/cropped_00660
_00661,MALIGNANT,clean/ROI/ROI_00661,clean/image/image_00661,clean/cropped/cropped_00661
_00662,BENIGN,clean/ROI/ROI_00662,clean/image/image_00662,clean/cropped/cropped_00662
_00663,MALIGNANT,clean/ROI/ROI_00663,clean/image/image_00663,clean/cropped/cropped_00663
_00664,MALIGNANT,clean/ROI/ROI_00664,clean/image/image_00664,clean/cropped/cropped_00664
_00665,BENIGN,clean/ROI/ROI_00665,clean/image/image_00665,clean/cropped/cropped_00665
_00666,MALIGNANT,clean/ROI/ROI_00666,clean/image/image_00666,clean/cropped/cropped_00666
_00667,BENIGN,clean/ROI/ROI_00667,clean/image/image_00667,clean/cropped/cropped_00667
_00668,BENIGN,clean/ROI/ROI_00668,clean/image/image_00668,clean/cropped/cropped_00668
_00669,BENIGN,clean/ROI/ROI_00669,clean/image/image_00669,clean/cropped/cropped_00669
_00670,BENIGN,clean/ROI/ROI_00670,clean/image/image_00670,clean/cropped/cropped_00670
_00671,BENIGN,clean/ROI/ROI_00671,clean/image/image_00671,clean/cropped/cropped_00671
_00672,MALIGNANT,clean/ROI/ROI_00672,clean/image/image_00672,clean/cropped/cropped_00672
_00673,BENIGN,clean/ROI/ROI_00673,clean/image/image_00673,clean/cropped/cropped_00673
_00674,BENIGN,clean/ROI/ROI_00674,clean/image/image_00674,clean/cropped/cropped_00674
_00675,BENIGN,clean/ROI/ROI_00675,clean/image/image_00675,clean/cropped/cropped_00675
_00676,BENIGN,clean/ROI/ROI_00676,clean/image/image_00676,clean/cropped/cropped_00676
_00677,BENIGN,clean/ROI/ROI_00677,clean/image/image_00677,clean/cropped/cropped_00677
_00678,BENIGN_WITHOUT_CALLBACK,clean/ROI/ROI_00678,clean/image/image_00678,clean/cropped/cropped_00678
_00679,MALIGNANT,clean/ROI/ROI_00679,clean/image/image_00679,clean/cropped/cropped_00679
_00680,MALIGNANT,clean/ROI/ROI_00680,clean/image/image_00680,clean/cropped/cropped_00680
_00681,BENIGN_WITHOUT_CALLBACK,clean/ROI/ROI_00681,clean/image/image_00681,clean/cropped/cropped_00681
_00682,BENIGN_WITHOUT_CALLBACK,clean/ROI/ROI_00682,clean/image/image_00682,clean/cropped/cropped_00682
_00683,MALIGNANT,clean/ROI/ROI_00683,clean/image/image_00683,clean/cropped/cropped_00683
_00684,MALIGNANT,clean/ROI/ROI_00684,clean/image/image_00684,clean/cropped/cropped_00684
_00685,BENIGN,clean/ROI/ROI_00685,clean/image/image_00685,clean/cropped/cropped_00685
_00686,MALIGNANT,clean/ROI/ROI_00686,clean/image/image_00686,clean/cropped/cropped_00686
_00687,BENIGN,clean/ROI/ROI_00687,clean/image/image_00687,clean/cropped/cropped_00687
_00688,BENIGN,clean/ROI/ROI_00688,clean/image/image_00688,clean/cropped/cropped_00688
_00689,MALIGNANT,clean/ROI/ROI_00689,clean/image/image_00689,clean/cropped/cropped_00689
_00690,MALIGNANT,clean/ROI/ROI_00690,clean/image/image_00690,clean/cropped/cropped_00690
_00691,BENIGN,clean/ROI/ROI_00691,clean/image/image_00691,clean/cropped/cropped_00691
_00692,BENIGN,clean/ROI/ROI_00692,clean/image/image_00692,clean/cropped/cropped_00692
_00693,BENIGN,clean/ROI/ROI_00693,clean/image/image_00693,clean/cropped/cropped_00693
_00694,BENIGN,clean/ROI/ROI_00694,clean/image/image_00694,clean/cropped/cropped_00694
_00695,BENIGN_WITHOUT_CALLBACK,clean/ROI/ROI_00695,clean/image/image_00695,clean/cropped/cropped_00695
_00696,MALIGNANT,clean/ROI/ROI_00696,clean/image/image_00696,clean/cropped/cropped_00696
_00697,BENIGN,clean/ROI/ROI_00697,clean/image/image_00697,clean/cropped/cropped_00697
_00698,BENIGN,clean/ROI/ROI_00698,clean/image/image_00698,clean/cropped/cropped_00698
_00699,BENIGN_WITHOUT_CALLBACK,clean/ROI/ROI_00699,clean/image/image_00699,clean/cropped/cropped_00699
_00700,BENIGN_WITHOUT_CALLBACK,clean/ROI/ROI_00700,clean/image/image_00700,clean/cropped/cropped_00700
_00701,MALIGNANT,clean/ROI/ROI_00701,clean/image/image_00701,clean/cropped/cropped_00701
_00702,MALIGNANT,clean/ROI/ROI_00702,clean/image/image_00702,clean/cropped/cropped_00702
_00703,BENIGN,clean/ROI/ROI_00703,clean/image/image_00703,clean/cropped/cropped_00703
_00704,MALIGNANT,clean/ROI/ROI_00704,clean/image/image_00704,clean/cropped/cropped_00704
_00705,MALIGNANT,clean/ROI/ROI_00705,clean/image/image_00705,clean/cropped/cropped_00705
_00706,BENIGN,clean/ROI/ROI_00706,clean/image/image_00706,clean/cropped/cropped_00706
_00707,MALIGNANT,clean/ROI/ROI_00707,clean/image/image_00707,clean/cropped/cropped_00707
_00708,BENIGN,clean/ROI/ROI_00708,clean/image/image_00708,clean/cropped/cropped_00708
_00709,MALIGNANT,clean/ROI/ROI_00709,clean/image/image_00709,clean/cropped/cropped_00709
_00710,MALIGNANT,clean/ROI/ROI_00710,clean/image/image_00710,clean/cropped/cropped_00710
_00711,BENIGN,clean/ROI/ROI_00711,clean/image/image_00711,clean/cropped/cropped_00711
_00712,BENIGN,clean/ROI/ROI_00712,clean/image/image_00712,clean/cropped/cropped_00712
_00713,BENIGN,clean/ROI/ROI_00713,clean/image/image_00713,clean/cropped/cropped_00713
_00714,BENIGN,clean/ROI/ROI_00714,clean/image/image_00714,clean/cropped/cropped_00714
_00715,BENIGN,clean/ROI/ROI_00715,clean/image/image_00715,clean/cropped/cropped_00715
_00716,BENIGN,clean/ROI/ROI_00716,clean/image/image_00716,clean/cropped/cropped_00716
_00717,BENIGN,clean/ROI/ROI_00717,clean/image/image_00717,clean/cropped/cropped_00717
_00718,MALIGNANT,clean/ROI/ROI_00718,clean/image/image_00718,clean/cropped/cropped_00718
_00719,BENIGN,clean/ROI/ROI_00719,clean/image/image_00719,clean/cropped/cropped_00719
_00720,BENIGN,clean/ROI/ROI_00720,clean/image/image_00720,clean/cropped/cropped_00720
_00721,BENIGN,clean/ROI/ROI_00721,clean/image/image_00721,clean/cropped/cropped_00721
_00722,BENIGN,clean/ROI/ROI_00722,clean/image/image_00722,clean/cropped/cropped_00722
_00723,MALIGNANT,clean/ROI/ROI_00723,clean/image/image_00723,clean/cropped/cropped_00723
_00724,MALIGNANT,clean/ROI/ROI_00724,clean/image/image_00724,clean/cropped/cropped_00724
_00725,MALIGNANT,clean/ROI/ROI_00725,clean/image/image_00725,clean/cropped/cropped_00725
_00726,MALIGNANT,clean/ROI/ROI_00726,clean/image/image_00726,clean/cropped/cropped_00726
_00727,BENIGN,clean/ROI/ROI_00727,clean/image/image_00727,clean/cropped/cropped_00727
_00728,MALIGNANT,clean/ROI/ROI_00728,clean/image/image_00728,clean/cropped/cropped_00728
_00729,MALIGNANT,clean/ROI/ROI_00729,clean/image/image_00729,clean/cropped/cropped_00729
_00730,BENIGN,clean/ROI/ROI_00730,clean/image/image_00730,clean/cropped/cropped_00730
_00731,BENIGN,clean/ROI/ROI_00731,clean/image/image_00731,clean/cropped/cropped_00731
_00732,BENIGN,clean/ROI/ROI_00732,clean/image/image_00732,clean/cropped/cropped_00732
_00733,BENIGN,clean/ROI/ROI_00733,clean/image/image_00733,clean/cropped/cropped_00733
_00734,BENIGN,clean/ROI/ROI_00734,clean/image/image_00734,clean/cropped/cropped_00734
_00735,MALIGNANT,clean/ROI/ROI_00735,clean/image/image_00735,clean/cropped/cropped_00735
_00736,BENIGN,clean/ROI/ROI_00736,clean/image/image_00736,clean/cropped/cropped_00736
_00737,BENIGN,clean/ROI/ROI_00737,clean/image/image_00737,clean/cropped/cropped_00737
_00738,BENIGN,clean/ROI/ROI_00738,clean/image/image_00738,clean/cropped/cropped_00738
_00739,BENIGN,clean/ROI/ROI_00739,clean/image/image_00739,clean/cropped/cropped_00739
_00740,MALIGNANT,clean/ROI/ROI_00740,clean/image/image_00740,clean/cropped/cropped_00740
_00741,MALIGNANT,clean/ROI/ROI_00741,clean/image/image_00741,clean/cropped/cropped_00741
_00742,MALIGNANT,clean/ROI/ROI_00742,clean/image/image_00742,clean/cropped/cropped_00742
_00743,MALIGNANT,clean/ROI/ROI_00743,clean/image/image_00743,clean/cropped/cropped_00743
_00744,BENIGN,clean/ROI/ROI_00744,clean/image/image_00744,clean/cropped/cropped_00744
_00745,MALIGNANT,clean/ROI/ROI_00745,clean/image/image_00745,clean/cropped/cropped_00745
_00746,MALIGNANT,clean/ROI/ROI_00746,clean/image/image_00746,clean/cropped/cropped_00746
_00747,MALIGNANT,clean/ROI/ROI_00747,clean/image/image_00747,clean/cropped/cropped_00747
_00748,MALIGNANT,clean/ROI/ROI_00748,clean/image/image_00748,clean/cropped/cropped_00748
_00749,BENIGN,clean/ROI/ROI_00749,clean/image/image_00749,clean/cropped/cropped_00749
_00750,BENIGN_WITHOUT_CALLBACK,clean/ROI/ROI_00750,clean/image/image_00750,clean/cropped/cropped_00750
_00751,BENIGN_WITHOUT_CALLBACK,clean/ROI/ROI_00751,clean/image/image_00751,clean/cropped/cropped_00751
_00752,BENIGN,clean/ROI/ROI_00752,clean/image/image_00752,clean/cropped/cropped_00752
_00753,MALIGNANT,clean/ROI/ROI_00753,clean/image/image_00753,clean/cropped/cropped_00753
_00754,MALIGNANT,clean/ROI/ROI_00754,clean/image/image_00754,clean/cropped/cropped_00754
_00755,MALIGNANT,clean/ROI/ROI_00755,clean/image/image_00755,clean/cropped/cropped_00755
_00756,MALIGNANT,clean/ROI/ROI_00756,clean/image/image_00756,clean/cropped/cropped_00756
_00757,BENIGN,clean/ROI/ROI_00757,clean/image/image_00757,clean/cropped/cropped_00757
_00758,BENIGN,clean/ROI/ROI_00758,clean/image/image_00758,clean/cropped/cropped_00758
_00759,MALIGNANT,clean/ROI/ROI_00759,clean/image/image_00759,clean/cropped/cropped_00759
_00760,MALIGNANT,clean/ROI/ROI_00760,clean/image/image_00760,clean/cropped/cropped_00760
_00761,MALIGNANT,clean/ROI/ROI_00761,clean/image/image_00761,clean/cropped/cropped_00761
_00762,MALIGNANT,clean/ROI/ROI_00762,clean/image/image_00762,clean/cropped/cropped_00762
_00763,BENIGN,clean/ROI/ROI_00763,clean/image/image_00763,clean/cropped/cropped_00763
_00764,BENIGN,clean/ROI/ROI_00764,clean/image/image_00764,clean/cropped/cropped_00764
_00765,MALIGNANT,clean/ROI/ROI_00765,clean/image/image_00765,clean/cropped/cropped_00765
_00766,MALIGNANT,clean/ROI/ROI_00766,clean/image/image_00766,clean/cropped/cropped_00766
_00767,BENIGN,clean/ROI/ROI_00767,clean/image/image_00767,clean/cropped/cropped_00767
_00768,MALIGNANT,clean/ROI/ROI_00768,clean/image/image_00768,clean/cropped/cropped_00768
_00769,MALIGNANT,clean/ROI/ROI_00769,clean/image/image_00769,clean/cropped/cropped_00769
_00770,MALIGNANT,clean/ROI/ROI_00770,clean/image/image_00770,clean/cropped/cropped_00770
_00771,MALIGNANT,clean/ROI/ROI_00771,clean/image/image_00771,clean/cropped/cropped_00771
_00772,BENIGN_WITHOUT_CALLBACK,clean/ROI/ROI_00772,clean/image/image_00772,clean/cropped/cropped_00772
_00773,BENIGN,clean/ROI/ROI_00773,clean/image/image_00773,clean/cropped/cropped_00773
_00774,BENIGN,clean/ROI/ROI_00774,clean/image/image_00774,clean/cropped/cropped_00774
_00775,BENIGN,clean/ROI/ROI_00775,clean/image/image_00775,clean/cropped/cropped_00775
_00776,BENIGN,clean/ROI/ROI_00776,clean/image/image_00776,clean/cropped/cropped_00776
_00777,MALIGNANT,clean/ROI/ROI_00777,clean/image/image_00777,clean/cropped/cropped_00777
_00778,MALIGNANT,clean/ROI/ROI_00778,clean/image/image_00778,clean/cropped/cropped_00778
_00779,MALIGNANT,clean/ROI/ROI_00779,clean/image/image_00779,clean/cropped/cropped_00779
_00780,MALIGNANT,clean/ROI/ROI_00780,clean/image/image_00780,clean/cropped/cropped_00780
_00781,MALIGNANT,clean/ROI/ROI_00781,clean/image/image_00781,clean/cropped/cropped_00781
_00782,MALIGNANT,clean/ROI/ROI_00782,clean/image/image_00782,clean/cropped/cropped_00782
_00783,MALIGNANT,clean/ROI/ROI_00783,clean/image/image_00783,clean/cropped/cropped_00783
_00784,MALIGNANT,clean/ROI/ROI_00784,clean/image/image_00784,clean/cropped/cropped_00784
_00785,MALIGNANT,clean/ROI/ROI_00785,clean/image/image_00785,clean/cropped/cropped_00785
_00786,MALIGNANT,clean/ROI/ROI_00786,clean/image/image_00786,clean/cropped/cropped_00786
_00787,BENIGN,clean/ROI/ROI_00787,clean/image/image_00787,clean/cropped/cropped_00787
_00788,BENIGN,clean/ROI/ROI_00788,clean/image/image_00788,clean/cropped/cropped_00788
_00789,MALIGNANT,clean/ROI/ROI_00789,clean/image/image_00789,clean/cropped/cropped_00789
_00790,MALIGNANT,clean/ROI/ROI_00790,clean/image/image_00790,clean/cropped/cropped_00790
_00791,MALIGNANT,clean/ROI/ROI_00791,clean/image/image_00791,clean/cropped/cropped_00791
_00792,MALIGNANT,clean/ROI/ROI_00792,clean/image/image_00792,clean/cropped/cropped_00792
_00793,BENIGN,clean/ROI/ROI_00793,clean/image/image_00793,clean/cropped/cropped_00793
_00794,MALIGNANT,clean/ROI/ROI_00794,clean/image/image_00794,clean/cropped/cropped_00794
_00795,MALIGNANT,clean/ROI/ROI_00795,clean/image/image_00795,clean/cropped/cropped_00795
_00796,BENIGN,clean/ROI/ROI_00796,clean/image/image_00796,clean/cropped/cropped_00796
_00797,MALIGNANT,clean/ROI/ROI_00797,clean/image/image_00797,clean/cropped/cropped_00797
_00798,MALIGNANT,clean/ROI/ROI_00798,clean/image/image_00798,clean/cropped/cropped_00798
_00799,MALIGNANT,clean/ROI/ROI_00799,clean/image/image_00799,clean/cropped/cropped_00799
_00800,MALIGNANT,clean/ROI/ROI_00800,clean/image/image_00800,clean/cropped/cropped_00800
_00801,MALIGNANT,clean/ROI/ROI_00801,clean/image/image_00801,clean/cropped/cropped_00801
_00802,BENIGN,clean/ROI/ROI_00802,clean/image/image_00802,clean/cropped/cropped_00802
_00803,BENIGN,clean/ROI/ROI_00803,clean/image/image_00803,clean/cropped/cropped_00803
_00804,BENIGN,clean/ROI/ROI_00804,clean/image/image_00804,clean/cropped/cropped_00804
_00805,BENIGN,clean/ROI/ROI_00805,clean/image/image_00805,clean/cropped/cropped_00805
_00806,BENIGN,clean/ROI/ROI_00806,clean/image/image_00806,clean/cropped/cropped_00806
_00807,BENIGN,clean/ROI/ROI_00807,clean/image/image_00807,clean/cropped/cropped_00807
_00808,BENIGN,clean/ROI/ROI_00808,clean/image/image_00808,clean/cropped/cropped_00808
_00809,BENIGN,clean/ROI/ROI_00809,clean/image/image_00809,clean/cropped/cropped_00809
_00810,BENIGN,clean/ROI/ROI_00810,clean/image/image_00810,clean/cropped/cropped_00810
_00811,MALIGNANT,clean/ROI/ROI_00811,clean/image/image_00811,clean/cropped/cropped_00811
_00812,MALIGNANT,clean/ROI/ROI_00812,clean/image/image_00812,clean/cropped/cropped_00812
_00813,MALIGNANT,clean/ROI/ROI_00813,clean/image/image_00813,clean/cropped/cropped_00813
_00814,MALIGNANT,clean/ROI/ROI_00814,clean/image/image_00814,clean/cropped/cropped_00814
_00815,BENIGN,clean/ROI/ROI_00815,clean/image/image_00815,clean/cropped/cropped_00815
_00816,MALIGNANT,clean/ROI/ROI_00816,clean/image/image_00816,clean/cropped/cropped_00816
_00817,MALIGNANT,clean/ROI/ROI_00817,clean/image/image_00817,clean/cropped/cropped_00817
_00818,MALIGNANT,clean/ROI/ROI_00818,clean/image/image_00818,clean/cropped/cropped_00818
_00819,BENIGN,clean/ROI/ROI_00819,clean/image/image_00819,clean/cropped/cropped_00819
_00820,MALIGNANT,clean/ROI/ROI_00820,clean/image/image_00820,clean/cropped/cropped_00820
_00821,MALIGNANT,clean/ROI/ROI_00821,clean/image/image_00821,clean/cropped/cropped_00821
_00822,BENIGN,clean/ROI/ROI_00822,clean/image/image_00822,clean/cropped/cropped_00822
_00823,BENIGN,clean/ROI/ROI_00823,clean/image/image_00823,clean/cropped/cropped_00823
_00824,MALIGNANT,clean/ROI/ROI_00824,clean/image/image_00824,clean/cropped/cropped_00824
_00825,MALIGNANT,clean/ROI/ROI_00825,clean/image/image_00825,clean/cropped/cropped_00825
_00826,BENIGN_WITHOUT_CALLBACK,clean/ROI/ROI_00826,clean/image/image_00826,clean/cropped/cropped_00826
_00827,BENIGN,clean/ROI/ROI_00827,clean/image/image_00827,clean/cropped/cropped_00827
_00828,BENIGN,clean/ROI/ROI_00828,clean/image/image_00828,clean/cropped/cropped_00828
_00829,BENIGN,clean/ROI/ROI_00829,clean/image/image_00829,clean/cropped/cropped_00829
_00830,BENIGN,clean/ROI/ROI_00830,clean/image/image_00830,clean/cropped/cropped_00830
_00831,MALIGNANT,clean/ROI/ROI_00831,clean/image/image_00831,clean/cropped/cropped_00831
_00832,BENIGN,clean/ROI/ROI_00832,clean/image/image_00832,clean/cropped/cropped_00832
_00833,MALIGNANT,clean/ROI/ROI_00833,clean/image/image_00833,clean/cropped/cropped_00833
_00834,BENIGN,clean/ROI/ROI_00834,clean/image/image_00834,clean/cropped/cropped_00834
_00835,MALIGNANT,clean/ROI/ROI_00835,clean/image/image_00835,clean/cropped/cropped_00835
_00836,MALIGNANT,clean/ROI/ROI_00836,clean/image/image_00836,clean/cropped/cropped_00836
_00837,BENIGN,clean/ROI/ROI_00837,clean/image/image_00837,clean/cropped/cropped_00837
_00838,BENIGN,clean/ROI/ROI_00838,clean/image/image_00838,clean/cropped/cropped_00838
_00839,BENIGN,clean/ROI/ROI_00839,clean/image/image_00839,clean/cropped/cropped_00839
_00840,MALIGNANT,clean/ROI/ROI_00840,clean/image/image_00840,clean/cropped/cropped_00840
_00841,MALIGNANT,clean/ROI/ROI_00841,clean/image/image_00841,clean/cropped/cropped_00841
_00842,BENIGN,clean/ROI/ROI_00842,clean/image/image_00842,clean/cropped/cropped_00842
_00843,BENIGN,clean/ROI/ROI_00843,clean/image/image_00843,clean/cropped/cropped_00843
_00844,MALIGNANT,clean/ROI/ROI_00844,clean/image/image_00844,clean/cropped/cropped_00844
_00845,MALIGNANT,clean/ROI/ROI_00845,clean/image/image_00845,clean/cropped/cropped_00845
_00846,MALIGNANT,clean/ROI/ROI_00846,clean/image/image_00846,clean/cropped/cropped_00846
_00847,MALIGNANT,clean/ROI/ROI_00847,clean/image/image_00847,clean/cropped/cropped_00847
_00848,MALIGNANT,clean/ROI/ROI_00848,clean/image/image_00848,clean/cropped/cropped_00848
_00849,BENIGN,clean/ROI/ROI_00849,clean/image/image_00849,clean/cropped/cropped_00849
_00850,BENIGN,clean/ROI/ROI_00850,clean/image/image_00850,clean/cropped/cropped_00850
_00851,BENIGN,clean/ROI/ROI_00851,clean/image/image_00851,clean/cropped/cropped_00851
_00852,BENIGN,clean/ROI/ROI_00852,clean/image/image_00852,clean/cropped/cropped_00852
_00853,BENIGN,clean/ROI/ROI_00853,clean/image/image_00853,clean/cropped/cropped_00853
_00854,BENIGN,clean/ROI/ROI_00854,clean/image/image_00854,clean/cropped/cropped_00854
_00855,BENIGN,clean/ROI/ROI_00855,clean/image/image_00855,clean/cropped/cropped_00855
_00856,BENIGN,clean/ROI/ROI_00856,clean/image/image_00856,clean/cropped/cropped_00856
_00857,BENIGN,clean/ROI/ROI_00857,clean/image/image_00857,clean/cropped/cropped_00857
_00858,BENIGN,clean/ROI/ROI_00858,clean/image/image_00858,clean/cropped/cropped_00858
_00859,BENIGN,clean/ROI/ROI_00859,clean/image/image_00859,clean/cropped/cropped_00859
_00860,BENIGN_WITHOUT_CALLBACK,clean/ROI/ROI_00860,clean/image/image_00860,clean/cropped/cropped_00860
_00861,BENIGN_WITHOUT_CALLBACK,clean/ROI/ROI_00861,clean/image/image_00861,clean/cropped/cropped_00861
_00862,MALIGNANT,clean/ROI/ROI_00862,clean/image/image_00862,clean/cropped/cropped_00862
_00863,MALIGNANT,clean/ROI/ROI_00863,clean/image/image_00863,clean/cropped/cropped_00863
_00864,MALIGNANT,clean/ROI/ROI_00864,clean/image/image_00864,clean/cropped/cropped_00864
_00865,BENIGN_WITHOUT_CALLBACK,clean/ROI/ROI_00865,clean/image/image_00865,clean/cropped/cropped_00865
_00866,BENIGN_WITHOUT_CALLBACK,clean/ROI/ROI_00866,clean/image/image_00866,clean/cropped/cropped_00866
_00867,MALIGNANT,clean/ROI/ROI_00867,clean/image/image_00867,clean/cropped/cropped_00867
_00868,BENIGN,clean/ROI/ROI_00868,clean/image/image_00868,clean/cropped/cropped_00868
_00869,BENIGN,clean/ROI/ROI_00869,clean/image/image_00869,clean/cropped/cropped_00869
_00870,BENIGN,clean/ROI/ROI_00870,clean/image/image_00870,clean/cropped/cropped_00870
_00871,MALIGNANT,clean/ROI/ROI_00871,clean/image/image_00871,clean/cropped/cropped_00871
_00872,MALIGNANT,clean/ROI/ROI_00872,clean/image/image_00872,clean/cropped/cropped_00872
_00873,MALIGNANT,clean/ROI/ROI_00873,clean/image/image_00873,clean/cropped/cropped_00873
_00874,BENIGN,clean/ROI/ROI_00874,clean/image/image_00874,clean/cropped/cropped_00874
_00875,MALIGNANT,clean/ROI/ROI_00875,clean/image/image_00875,clean/cropped/cropped_00875
_00876,MALIGNANT,clean/ROI/ROI_00876,clean/image/image_00876,clean/cropped/cropped_00876
_00877,MALIGNANT,clean/ROI/ROI_00877,clean/image/image_00877,clean/cropped/cropped_00877
_00878,BENIGN_WITHOUT_CALLBACK,clean/ROI/ROI_00878,clean/image/image_00878,clean/cropped/cropped_00878
_00879,MALIGNANT,clean/ROI/ROI_00879,clean/image/image_00879,clean/cropped/cropped_00879
_00880,MALIGNANT,clean/ROI/ROI_00880,clean/image/image_00880,clean/cropped/cropped_00880
_00881,MALIGNANT,clean/ROI/ROI_00881,clean/image/image_00881,clean/cropped/cropped_00881
_00882,MALIGNANT,clean/ROI/ROI_00882,clean/image/image_00882,clean/cropped/cropped_00882
_00883,MALIGNANT,clean/ROI/ROI_00883,clean/image/image_00883,clean/cropped/cropped_00883
_00884,MALIGNANT,clean/ROI/ROI_00884,clean/image/image_00884,clean/cropped/cropped_00884
_00885,MALIGNANT,clean/ROI/ROI_00885,clean/image/image_00885,clean/cropped/cropped_00885
_00886,BENIGN,clean/ROI/ROI_00886,clean/image/image_00886,clean/cropped/cropped_00886
_00887,BENIGN,clean/ROI/ROI_00887,clean/image/image_00887,clean/cropped/cropped_00887
_00888,BENIGN,clean/ROI/ROI_00888,clean/image/image_00888,clean/cropped/cropped_00888
_00889,BENIGN,clean/ROI/ROI_00889,clean/image/image_00889,clean/cropped/cropped_00889
_00890,MALIGNANT,clean/ROI/ROI_00890,clean/image/image_00890,clean/cropped/cropped_00890
_00891,BENIGN,clean/ROI/ROI_00891,clean/image/image_00891,clean/cropped/cropped_00891
_00892,MALIGNANT,clean/ROI/ROI_00892,clean/image/image_00892,clean/cropped/cropped_00892
_00893,BENIGN,clean/ROI/ROI_00893,clean/image/image_00893,clean/cropped/cropped_00893
_00894,BENIGN,clean/ROI/ROI_00894,clean/image/image_00894,clean/cropped/cropped_00894
_00895,BENIGN,clean/ROI/ROI_00895,clean/image/image_00895,clean/cropped/cropped_00895
_00896,BENIGN,clean/ROI/ROI_00896,clean/image/image_00896,clean/cropped/cropped_00896
_00897,BENIGN,clean/ROI/ROI_00897,clean/image/image_00897,clean/cropped/cropped_00897
_00898,BENIGN,clean/ROI/ROI_00898,clean/image/image_00898,clean/cropped/cropped_00898
_00899,BENIGN,clean/ROI/ROI_00899,clean/image/image_00899,clean/cropped/cropped_00899
_00900,BENIGN,clean/ROI/ROI_00900,clean/image/image_00900,clean/cropped/cropped_00900
_00901,BENIGN,clean/ROI/ROI_00901,clean/image/image_00901,clean/cropped/cropped_00901
_00902,MALIGNANT,clean/ROI/ROI_00902,clean/image/image_00902,clean/cropped/cropped_00902
_00903,MALIGNANT,clean/ROI/ROI_00903,clean/image/image_00903,clean/cropped/cropped_00903
_00904,BENIGN,clean/ROI/ROI_00904,clean/image/image_00904,clean/cropped/cropped_00904
_00905,BENIGN,clean/ROI/ROI_00905,clean/image/image_00905,clean/cropped/cropped_00905
_00906,BENIGN,clean/ROI/ROI_00906,clean/image/image_00906,clean/cropped/cropped_00906
_00907,BENIGN,clean/ROI/ROI_00907,clean/image/image_00907,clean/cropped/cropped_00907
_00908,BENIGN,clean/ROI/ROI_00908,clean/image/image_00908,clean/cropped/cropped_00908
_00909,MALIGNANT,clean/ROI/ROI_00909,clean/image/image_00909,clean/cropped/cropped_00909
_00910,MALIGNANT,clean/ROI/ROI_00910,clean/image/image_00910,clean/cropped/cropped_00910
_00911,BENIGN,clean/ROI/ROI_00911,clean/image/image_00911,clean/cropped/cropped_00911
_00912,MALIGNANT,clean/ROI/ROI_00912,clean/image/image_00912,clean/cropped/cropped_00912
_00913,BENIGN_WITHOUT_CALLBACK,clean/ROI/ROI_00913,clean/image/image_00913,clean/cropped/cropped_00913
_00914,BENIGN,clean/ROI/ROI_00914,clean/image/image_00914,clean/cropped/cropped_00914
_00915,MALIGNANT,clean/ROI/ROI_00915,clean/image/image_00915,clean/cropped/cropped_00915
_00916,BENIGN,clean/ROI/ROI_00916,clean/image/image_00916,clean/cropped/cropped_00916
_00917,BENIGN,clean/ROI/ROI_00917,clean/image/image_00917,clean/cropped/cropped_00917
_00918,MALIGNANT,clean/ROI/ROI_00918,clean/image/image_00918,clean/cropped/cropped_00918
_00919,MALIGNANT,clean/ROI/ROI_00919,clean/image/image_00919,clean/cropped/cropped_00919
_00920,BENIGN,clean/ROI/ROI_00920,clean/image/image_00920,clean/cropped/cropped_00920
_00921,MALIGNANT,clean/ROI/ROI_00921,clean/image/image_00921,clean/cropped/cropped_00921
_00922,MALIGNANT,clean/ROI/ROI_00922,clean/image/image_00922,clean/cropped/cropped_00922
_00923,BENIGN,clean/ROI/ROI_00923,clean/image/image_00923,clean/cropped/cropped_00923
_00924,MALIGNANT,clean/ROI/ROI_00924,clean/image/image_00924,clean/cropped/cropped_00924
_00925,MALIGNANT,clean/ROI/ROI_00925,clean/image/image_00925,clean/cropped/cropped_00925
_00926,BENIGN,clean/ROI/ROI_00926,clean/image/image_00926,clean/cropped/cropped_00926
_00927,BENIGN,clean/ROI/ROI_00927,clean/image/image_00927,clean/cropped/cropped_00927
_00928,BENIGN,clean/ROI/ROI_00928,clean/image/image_00928,clean/cropped/cropped_00928
_00929,MALIGNANT,clean/ROI/ROI_00929,clean/image/image_00929,clean/cropped/cropped_00929
_00930,MALIGNANT,clean/ROI/ROI_00930,clean/image/image_00930,clean/cropped/cropped_00930
_00931,BENIGN_WITHOUT_CALLBACK,clean/ROI/ROI_00931,clean/image/image_00931,clean/cropped/cropped_00931
_00932,BENIGN_WITHOUT_CALLBACK,clean/ROI/ROI_00932,clean/image/image_00932,clean/cropped/cropped_00932
_00933,BENIGN_WITHOUT_CALLBACK,clean/ROI/ROI_00933,clean/image/image_00933,clean/cropped/cropped_00933
_00934,MALIGNANT,clean/ROI/ROI_00934,clean/image/image_00934,clean/cropped/cropped_00934
_00935,BENIGN,clean/ROI/ROI_00935,clean/image/image_00935,clean/cropped/cropped_00935
_00936,BENIGN,clean/ROI/ROI_00936,clean/image/image_00936,clean/cropped/cropped_00936
_00937,BENIGN,clean/ROI/ROI_00937,clean/image/image_00937,clean/cropped/cropped_00937
_00938,BENIGN,clean/ROI/ROI_00938,clean/image/image_00938,clean/cropped/cropped_00938
_00939,BENIGN,clean/ROI/ROI_00939,clean/image/image_00939,clean/cropped/cropped_00939
_00940,MALIGNANT,clean/ROI/ROI_00940,clean/image/image_00940,clean/cropped/cropped_00940
_00941,MALIGNANT,clean/ROI/ROI_00941,clean/image/image_00941,clean/cropped/cropped_00941
_00942,MALIGNANT,clean/ROI/ROI_00942,clean/image/image_00942,clean/cropped/cropped_00942
_00943,MALIGNANT,clean/ROI/ROI_00943,clean/image/image_00943,clean/cropped/cropped_00943
_00944,MALIGNANT,clean/ROI/ROI_00944,clean/image/image_00944,clean/cropped/cropped_00944
_00945,BENIGN_WITHOUT_CALLBACK,clean/ROI/ROI_00945,clean/image/image_00945,clean/cropped/cropped_00945
_00946,MALIGNANT,clean/ROI/ROI_00946,clean/image/image_00946,clean/cropped/cropped_00946
_00947,MALIGNANT,clean/ROI/ROI_00947,clean/image/image_00947,clean/cropped/cropped_00947
_00948,MALIGNANT,clean/ROI/ROI_00948,clean/image/image_00948,clean/cropped/cropped_00948
_00949,BENIGN,clean/ROI/ROI_00949,clean/image/image_00949,clean/cropped/cropped_00949
_00950,BENIGN,clean/ROI/ROI_00950,clean/image/image_00950,clean/cropped/cropped_00950
_00951,BENIGN,clean/ROI/ROI_00951,clean/image/image_00951,clean/cropped/cropped_00951
_00952,BENIGN,clean/ROI/ROI_00952,clean/image/image_00952,clean/cropped/cropped_00952
_00953,BENIGN,clean/ROI/ROI_00953,clean/image/image_00953,clean/cropped/cropped_00953
_00954,BENIGN,clean/ROI/ROI_00954,clean/image/image_00954,clean/cropped/cropped_00954
_00955,BENIGN,clean/ROI/ROI_00955,clean/image/image_00955,clean/cropped/cropped_00955
_00956,BENIGN,clean/ROI/ROI_00956,clean/image/image_00956,clean/cropped/cropped_00956
_00957,BENIGN,clean/ROI/ROI_00957,clean/image/image_00957,clean/cropped/cropped_00957
_00958,BENIGN,clean/ROI/ROI_00958,clean/image/image_00958,clean/cropped/cropped_00958
_00959,MALIGNANT,clean/ROI/ROI_00959,clean/image/image_00959,clean/cropped/cropped_00959
_00960,MALIGNANT,clean/ROI/ROI_00960,clean/image/image_00960,clean/cropped/cropped_00960
_00961,MALIGNANT,clean/ROI/ROI_00961,clean/image/image_00961,clean/cropped/cropped_00961
_00962,MALIGNANT,clean/ROI/ROI_00962,clean/image/image_00962,clean/cropped/cropped_00962
_00963,MALIGNANT,clean/ROI/ROI_00963,clean/image/image_00963,clean/cropped/cropped_00963
_00964,MALIGNANT,clean/ROI/ROI_00964,clean/image/image_00964,clean/cropped/cropped_00964
_00965,MALIGNANT,clean/ROI/ROI_00965,clean/image/image_00965,clean/cropped/cropped_00965
_00966,MALIGNANT,clean/ROI/ROI_00966,clean/image/image_00966,clean/cropped/cropped_00966
_00967,MALIGNANT,clean/ROI/ROI_00967,clean/image/image_00967,clean/cropped/cropped_00967
_00968,MALIGNANT,clean/ROI/ROI_00968,clean/image/image_00968,clean/cropped/cropped_00968
_00969,MALIGNANT,clean/ROI/ROI_00969,clean/image/image_00969,clean/cropped/cropped_00969
_00970,MALIGNANT,clean/ROI/ROI_00970,clean/image/image_00970,clean/cropped/cropped_00970
